Rk,Name,Pos,Tm,Salary
1,Kirk Cousins\CousKi00,QB,MIN,"$27,500,000 "
2,Marcus Mariota\MariMa01,QB,TEN,"$20,922,000 "
,Jameis Winston\WinsJa00,QB,TAM,"$20,922,000 "
4,Derek Carr\CarrDe02,QB,OAK,"$19,900,000 "
5,Joe Flacco\FlacJo00,QB,DEN,"$18,500,000 "
6,Jimmy Garoppolo\GaroJi00,QB,SFO,"$17,200,000 "
7,Mike Evans\EvanMi00,WR,TAM,"$17,000,000 "
,Von Miller\MillVo00,LB,DEN,"$17,000,000 "
,Melvin Ingram\IngrMe00,DE,LAC,"$17,000,000 "
10,Odell Beckham\BeckOd00,WR,CLE,"$16,750,000 "
11,Chandler Jones\JoneCh03,DE,ARI,"$16,500,000 "
12,Cam Newton\NewtCa00,QB,CAR,"$16,200,000 "
13,Andy Dalton\DaltAn00,QB,CIN,"$16,000,000 "
14,Jadeveon Clowney\ClowJa00,DE,SEA,"$15,967,200 "
15,Olivier Vernon\VernOl00,DE,CLE,"$15,250,000 "
16,Grady Jarrett\JarrGr00,DT,ATL,"$15,209,000 "
17,Antonio Brown\BrowAn04,WR,NWE,"$14,625,000 "
18,Taylor Lewan\LewaTa00,OT,TEN,"$14,500,000 "
19,Leonard Williams\WillLe02,DT,NYJ,"$14,200,000 "
20,Tom Brady\BradTo00,QB,NWE,"$14,000,000 "
21,Amari Cooper\CoopAm00,WR,DAL,"$13,924,000 "
22,Matthew Stafford\StafMa00,QB,DET,"$13,500,000 "
23,Reshad Jones\JoneRe99,DB,MIA,"$13,015,000 "
24,T.Y. Hilton\HiltT.00,WR,IND,"$13,000,000 "
,J.J. Watt\WattJ.00,DE,HOU,"$13,000,000 "
,Andrew Norwell\NorwAn01,G,JAX,"$13,000,000 "
,A.J. Bouye\BouyA.00,CB,JAX,"$13,000,000 "
28,Nate Solder\SoldNa00,T,NYG,"$12,900,000 "
29,Vic Beasley\BeasVi00,OLB,ATL,"$12,810,000 "
30,Darius Slay\SlayDa00,CB,DET,"$12,550,000 "
31,Brandon Scherff\ScheBr00,G,WAS,"$12,525,000 "
32,Kawann Short\ShorKa00,DT,CAR,"$12,500,000 "
,DeAndre Hopkins\HopkDe00,WR,HOU,"$12,500,000 "
,Jarvis Landry\LandJa00,WR,CLE,"$12,500,000 "
35,Calais Campbell\CampCa99,DE,JAX,"$12,000,000 "
36,Sammy Watkins\WatkSa00,WR,KAN,"$11,950,000 "
37,Alshon Jeffery\JeffAl00,WR,PHI,"$11,750,000 "
38,Eli Manning\MannEl00,QB,NYG,"$11,500,000 "
39,Patrick Peterson\PetePa00,CB,ARI,"$11,000,000 "
,Larry Fitzgerald\FitzLa00,WR,ARI,"$11,000,000 "
,Philip Rivers\RivePh00,QB,LAC,"$11,000,000 "
,Josh Norman\NormJo01,CB,WAS,"$11,000,000 "
43,Terron Armstead\ArmsTe00,OT,NOR,"$10,700,000 "
44,Jurrell Casey\CaseJu00,DL,TEN,"$10,550,000 "
45,Malcolm Butler\ButlMa01,CB,TEN,"$10,500,000 "
,Ryan Kerrigan\KerrRy00,DE,WAS,"$10,500,000 "
,Bobby Wagner\WagnBo00,ILB,SEA,"$10,500,000 "
48,Xavier Rhodes\RhodXa00,CB,MIN,"$10,400,000 "
49,Eric Fisher\FishEr00,OT,KAN,"$10,350,000 "
50,Emmanuel Sanders\SandEm00,WR,DEN,"$10,250,000 "
,Andrew Whitworth\WhitAn20,T,LAR,"$10,250,000 "
52,Janoris Jenkins\JenkJa03,CB,NYG,"$10,150,000 "
53,Luke Kuechly\KuecLu00,ILB,CAR,"$10,000,059 "
54,Joe Haden\HadeJo99,DB,PIT,"$10,000,000 "
,Kevin Zeitler\ZeitKe00,G,NYG,"$10,000,000 "
,Zack Martin\MartZa00,OT,DAL,"$10,000,000 "
,Keenan Allen\AlleKe00,WR,LAC,"$10,000,000 "
,Tyron Smith\SmitTy00,OT,DAL,"$10,000,000 "
,Ryan Jensen\JensRy00,T,TAM,"$10,000,000 "
60,Allen Robinson\RobiAl02,WR,CHI,"$9,900,000 "
61,Lavonte David\DaviLa00,OLB,TAM,"$9,750,000 "
62,Kelechi Osemele\OsemKe00,T,NYJ,"$9,700,000 "
63,Andrus Peat\PeatAn00,OT,NOR,"$9,625,000 "
,D.J. Humphries\HumpD.00,OT,ARI,"$9,625,000 "
65,Julio Jones\JoneJu02,WR,ATL,"$9,600,000 "
66,Logan Ryan\RyanLo00,CB,TEN,"$9,500,000 "
,Jimmy Smith\SmitJi03,CB,BAL,"$9,500,000 "
,Desmond Trufant\TrufDe00,CB,ATL,"$9,500,000 "
69,Danielle Hunter\HuntDa01,DE,MIN,"$9,400,000 "
,Riley Reiff\ReifRi00,OT,MIN,"$9,400,000 "
71,Nelson Agholor\AghoNe00,WR,PHI,"$9,387,000 "
72,Brandon Williams\WillBr02,DT,BAL,"$9,250,000 "
73,Shaq Thompson\ThomSh01,OLB,CAR,"$9,232,000 "
,Bud Dupree\DuprAl00,DE,PIT,"$9,232,000 "
75,Dre Kirkpatrick\KirkDr00,CB,CIN,"$9,150,000 "
76,Aaron Donald\DonaAa00,DT,LAR,"$9,108,000 "
77,Damarious Randall\RandDa00,FS,CLE,"$9,069,000 "
,Marcus Peters\PeteMa00,CB,2TM,"$9,069,000 "
,Trae Waynes\WaynTr00,CB,MIN,"$9,069,000 "
80,Arik Armstead\ArmsAr01,DE,SFO,"$9,046,000 "
81,Devin McCourty\McCoDe99,DB,NWE,"$9,000,000 "
,Ricky Wagner\WagnRi00,OT,DET,"$9,000,000 "
83,Stefon Diggs\DiggSt00,WR,MIN,"$8,900,000 "
,Linval Joseph\JoseLi99,DT,MIN,"$8,900,000 "
85,Cameron Heyward\HeywCa01,DE,PIT,"$8,750,000 "
86,David Bakhtiari\BakhDa00,OT,GNB,"$8,500,000 "
,Prince Amukamara\AmukPr00,CB,CHI,"$8,500,000 "
,Alex Mack\MackAl20,C,ATL,"$8,500,000 "
89,Harrison Smith\SmitHa00,FS,MIN,"$8,350,000 "
90,Rodney Hudson\HudsRo00,OL,OAK,"$8,250,000 "
91,Ronald Leary\LearRo00,G,DEN,"$8,150,000 "
92,Malcolm Jenkins\JenkMa99,DB,PHI,"$8,100,000 "
93,Joe Staley\StalJo20,T,SFO,"$8,050,000 "
94,Geno Atkins\AtkiGe99,DT,CIN,"$8,000,000 "
,Brandon Brooks\BrooBr00,G,PHI,"$8,000,000 "
,Derek Wolfe\WolfDe00,DT,DEN,"$8,000,000 "
,Kelvin Beachum\BeacKe00,T,NYJ,"$8,000,000 "
,Zach Ertz\ErtzZa00,TE,PHI,"$8,000,000 "
,Duane Brown\BrowDu20,G,SEA,"$8,000,000 "
,Casey Hayward\HaywCa00,DB,LAC,"$8,000,000 "
,Sheldon Richardson\RichSh00,DT,CLE,"$8,000,000 "
,Akiem Hicks\HickAk00,DE,CHI,"$8,000,000 "
,Tony Jefferson\JeffTo00,FS,BAL,"$8,000,000 "
,Aqib Talib\TaliAq99,DB,LAR,"$8,000,000 "
,Trumaine Johnson\JohnTr05,CB,NYJ,"$8,000,000 "
,Cameron Jordan\JordCa00,DE,NOR,"$8,000,000 "
107,Kenny Stills\StilKe00,WR,HOU,"$7,975,000 "
108,Charles Leno\LenoCh00,OG,CHI,"$7,900,000 "
109,Mike Daniels\DaniMi00,DT,DET,"$7,800,000 "
,Chris Harris\HarrCh01,CB,DEN,"$7,800,000 "
111,Michael Brockers\BrocMi00,DT,LAR,"$7,777,777 "
112,Larry Warford\WarfLa00,OG,NOR,"$7,650,000 "
113,Travis Kelce\KelcTr00,TE,KAN,"$7,500,000 "
,T.J. Carrie\CarrTr00,CB,CLE,"$7,500,000 "
,Jabaal Sheard\SheaJa00,DL,IND,"$7,500,000 "
,Aaron Colvin\ColvAa00,CB,2TM,"$7,500,000 "
117,Kyle Rudolph\RudoKy00,TE,MIN,"$7,275,000 "
118,Marqise Lee\LeexMa00,WR,JAX,"$7,250,000 "
119,Star Lotulelei\LotuSt00,DT,BUF,"$7,150,000 "
120,David DeCastro\DeCaDa00,G,PIT,"$7,070,000 "
121,Tyrone Crawford\CrawTy00,DE,DAL,"$7,000,000 "
,Cameron Brate\BratCa00,TE,TAM,"$7,000,000 "
,Marshal Yanda\YandMa20,T,BAL,"$7,000,000 "
,Dont'a Hightower\HighDo01,ILB,NWE,"$7,000,000 "
,Christian Kirksey\KirkCh00,OLB,CLE,"$7,000,000 "
,Donovan Smith\SmitDo02,OT,TAM,"$7,000,000 "
,Richard Sherman\SherRi00,DB,SFO,"$7,000,000 "
128,Albert Wilson\WilsAl02,WR,MIA,"$6,975,000 "
129,Jerry Hughes\HughJe99,DE,BUF,"$6,800,000 "
130,Gabe Jackson\JackGa00,OG,OAK,"$6,750,000 "
,Damon Harrison\HarrDa03,DT,DET,"$6,750,000 "
132,Trey Burton\BurtTr01,TE,CHI,"$6,700,000 "
133,La'el Collins\CollLa01,OT,DAL,"$6,516,750 "
134,Zach Fulton\FultZa00,OG,HOU,"$6,500,000 "
,Mario Addison\AddiMa00,DE,CAR,"$6,500,000 "
,Joel Bitonio\BitoJo00,OT,CLE,"$6,500,000 "
,Anthony Hitchens\HitcAn00,OLB,KAN,"$6,500,000 "
,Jake Matthews\MattJa00,OT,ATL,"$6,500,000 "
,Marvin Jones\JoneMa02,WR,DET,"$6,500,000 "
140,Kiko Alonso\AlonKi00,ILB,NOR,"$6,485,000 "
141,Everson Griffen\GrifEv99,DE,MIN,"$6,400,000 "
142,Byron Jones\JoneBy00,CB,DAL,"$6,266,000 "
143,Anthony Castonzo\CastAn00,OL,IND,"$6,250,000 "
144,Laurent Duvernay-Tardif\DuveLa00,OT,KAN,"$6,203,000 "
145,LeSean McCoy\McCoLe01,RB,KAN,"$6,175,000 "
146,Chris Hubbard\HubbCh00,G,CLE,"$6,150,000 "
147,Robert Woods\WoodRo02,WR,LAR,"$6,000,000 "
,Brian Winters\WintBr00,OG,NYJ,"$6,000,000 "
,Mohamed Sanu\SanuMo00,WR,ATL,"$6,000,000 "
,Travis Frederick\FredTr00,C,DAL,"$6,000,000 "
,Stephon Tuitt\TuitSt00,DT,PIT,"$6,000,000 "
,DaQuan Jones\JoneDa04,DT,TEN,"$6,000,000 "
,Mike Pouncey\PounMi00,OL,LAC,"$6,000,000 "
,Robert Quinn\QuinRo00,DE,DAL,"$6,000,000 "
,Mitchell Schwartz\SchwMi00,T,KAN,"$6,000,000 "
,Benardrick McKinney\McKiBe00,ILB,HOU,"$6,000,000 "
157,Demario Davis\DaviDe00,OLB,NOR,"$5,950,000 "
158,Adam Thielen\ThieAd00,WR,MIN,"$5,850,000 "
159,Bryan Bulaga\BulaBr20,T,GNB,"$5,800,000 "
,Danny Trevathan\TrevDa00,OLB,CHI,"$5,800,000 "
,Trent Murphy\MurpTr00,DE,BUF,"$5,800,000 "
162,Whitney Mercilus\MercWh00,DE,HOU,"$5,750,000 "
,D.J. Hayden\HaydDJ00,CB,JAX,"$5,750,000 "
164,David Johnson\JohnDa08,RB,ARI,"$5,700,000 "
165,Melvin Gordon\GordMe00,RB,LAC,"$5,605,000 "
166,Bobby McCain\McCaBo01,CB,MIA,"$5,600,000 "
167,Marcus Cannon\CannMa00,OL,NWE,"$5,500,000 "
,Weston Richburg\RichWe00,C,SFO,"$5,500,000 "
,Greg Robinson\RobiGr01,OT,CLE,"$5,500,000 "
,J.C. Tretter\TretJC00,OG,CLE,"$5,500,000 "
,Brandon Linder\LindBr00,OG,JAX,"$5,500,000 "
,Taylor Gabriel\GabrTa00,WR,CHI,"$5,500,000 "
173,Trai Turner\TurnTr01,OG,CAR,"$5,297,000 "
174,Ndamukong Suh\SuhxNd99,DT,TAM,"$5,250,000 "
,Eric Ebron\EbroEr00,TE,IND,"$5,250,000 "
,Travis Benjamin\BenjTr00,WR,LAC,"$5,250,000 "
177,Jack Doyle\DoylJa00,TE,IND,"$5,150,000 "
178,Russell Wilson\WilsRu00,QB,SEA,"$5,000,000 "
,Bradley Roby\RobyBr00,CB,HOU,"$5,000,000 "
,Trent Brown\BrowTr02,OT,OAK,"$5,000,000 "
,Justin Pugh\PughJu00,OG,ARI,"$5,000,000 "
,Ja'Wuan James\JameJa01,OT,DEN,"$5,000,000 "
,Todd Gurley\GurlTo01,RB,LAR,"$5,000,000 "
,Paul Richardson\RichPa01,WR,WAS,"$5,000,000 "
,Nick Foles\FoleNi00,QB,JAX,"$5,000,000 "
,Alejandro Villanueva\VillAl00,OL,PIT,"$5,000,000 "
,Tyrell Williams\WillTy00,WR,OAK,"$5,000,000 "
188,Robbie Gould\gouldrob01,K,SFO,"$4,971,000 "
189,Dee Ford\FordDe00,DE,SFO,"$4,750,000 "
,Morgan Moses\MoseMo00,OT,WAS,"$4,750,000 "
,Vernon Davis\DaviVe00,TE,WAS,"$4,750,000 "
192,Lamarcus Joyner\JoynLa00,CB,OAK,"$4,700,000 "
193,Justin Britt\BritJu00,OT,SEA,"$4,500,000 "
,Dontari Poe\PoexDo00,DT,CAR,"$4,500,000 "
,Ben Jones\JoneBe01,C,TEN,"$4,500,000 "
,Brandon Carr\CarrBr99,DB,BAL,"$4,500,000 "
197,Rhett Ellison\ElliRh00,FB,NYG,"$4,475,000 "
198,Mitch Morse\MorsMi00,OT,BUF,"$4,400,000 "
199,Corey Linsley\LinsCo00,C,GNB,"$4,300,000 "
200,Jared Goff\GoffJa00,QB,LAR,"$4,259,683 "
201,Eric Weddle\WeddEr99,DB,LAR,"$4,250,524 "
202,Kyle Van Noy\VanNKy00,OLB,NWE,"$4,250,000 "
,D.J. Swearinger\SweaDJ00,FS,ARI,"$4,250,000 "
,Danny Amendola\AmenDa00,WR,DET,"$4,250,000 "
205,Vance McDonald\McDoVa00,TE,PIT,"$4,200,000 "
,Kyle Juszczyk\JuszKy00,FB,SFO,"$4,200,000 "
207,Eric Kendricks\KendEr00,ILB,MIN,"$4,150,000 "
208,A.J. Klein\KleiAJ00,ILB,NOR,"$4,100,000 "
209,Delanie Walker\WalkHu00,TE,TEN,"$4,080,000 "
210,Alec Ogletree\OgleAl00,OLB,NYG,"$4,000,000 "
,Shaq Mason\MasoSh01,RG,NWE,"$4,000,000 "
,Patrick Robinson\RobiPa99,DB,NOR,"$4,000,000 "
,Todd Davis\DaviTo01,LB,DEN,"$4,000,000 "
,Chase Daniel\DaniCh00,QB,CHI,"$4,000,000 "
,Allen Hurns\HurnAl01,WR,MIA,"$4,000,000 "
,Dion Lewis\LewiDi00,RB,TEN,"$4,000,000 "
217,Demar Dotson\DotsDe00,T,TAM,"$3,975,000 "
218,Micah Hyde\HydeMi00,CB,BUF,"$3,950,000 "
,Rashan Gary\GaryRa00,DL,GNB,"$3,950,000 "
220,Tyler Lockett\LockTy00,WR,SEA,"$3,907,000 "
221,Ezekiel Elliott\ElliEz00,RB,DAL,"$3,853,137 "
222,John Brown\BrowJo02,WR,BUF,"$3,800,000 "
223,William Gholston\GholWi00,DE,TAM,"$3,750,000 "
,Devonta Freeman\FreeDe00,RB,ATL,"$3,750,000 "
225,Jalen Ramsey\RamsJa00,CB,2TM,"$3,634,227 "
226,Daniel Sorensen\SoreDa01,S,KAN,"$3,600,000 "
227,Jason Peters\PeteJa21,T,PHI,"$3,500,000 "
,Denico Autry\AutrDe00,DE,IND,"$3,500,000 "
,Ricardo Allen\AlleRi00,CB,ATL,"$3,500,000 "
,James Hurst\HursJa00,OT,BAL,"$3,500,000 "
,Devon Kennard\KennDe00,OLB,DET,"$3,500,000 "
,Case Keenum\KeenCa00,QB,WAS,"$3,500,000 "
,Rodger Saffold\SaffRo20,T,TEN,"$3,500,000 "
,Shawn Williams\WillSh02,SS,CIN,"$3,500,000 "
,DeVante Parker\ParkDe01,WR,MIA,"$3,500,000 "
236,Jimmy Graham\GrahJi00,TE,GNB,"$3,450,000 "
237,Giovani Bernard\BernGi00,RB,CIN,"$3,400,000 "
,Barkevious Mingo\MingBa00,OLB,HOU,"$3,400,000 "
,Abry Jones\JoneAb00,DT,JAX,"$3,400,000 "
240,Nickell Robey-Coleman\RobeNi00,CB,LAR,"$3,300,000 "
241,Johnny Hekker\HekkJo00,P,LAR,"$3,250,000 "
,Tramon Williams\WillTr99,DB,GNB,"$3,250,000 "
,Kareem Martin\MartKa00,DE,NYG,"$3,250,000 "
,Corey Peters\PeteCo00,DT,ARI,"$3,250,000 "
,Cameron Wake\WakeCa00,LB,TEN,"$3,250,000 "
246,Ronnie Stanley\StanRo00,OT,BAL,"$3,243,318 "
247,Myles Garrett\GarrMy00,DE,CLE,"$3,229,750 "
248,Ty Nsekhe\NsekTy00,T,BUF,"$3,200,000 "
,Mason Crosby\CrosMa20,K,GNB,"$3,200,000 "
250,Sam Koch\KochSa20,P,BAL,"$3,150,000 "
251,Ali Marpet\MarpAl00,C,TAM,"$3,125,000 "
252,Darnell Savage\SavaDa00,S,GNB,"$3,120,000 "
253,Carlos Dunlap\DunlCa99,DE,CIN,"$3,100,000 "
254,Ka'imi Fairbairn\FairKa01,K,HOU,"$3,095,000 "
,Matthias Farley\FarlMa00,DB,NYJ,"$3,095,000 "
,Evan Boehm\BoehEv00,C,MIA,"$3,095,000 "
,Trey Hopkins\HopkTr01,G,CIN,"$3,095,000 "
,Anthony Harris\HarrAn01,DB,MIN,"$3,095,000 "
,Shelby Harris\HarrSh00,DE,DEN,"$3,095,000 "
,B.J. Finney\FinnB.01,C,PIT,"$3,095,000 "
,George Fant\FantGe00,T,SEA,"$3,095,000 "
,Daryl Worley\WorlDa00,CB,OAK,"$3,095,000 "
,Jonathan Jones\JoneJo03,DB,NWE,"$3,095,000 "
,Cory Littleton\LittCo01,LB,LAR,"$3,095,000 "
,Robby Anderson\AndeRo04,WR,NYJ,"$3,095,000 "
,Patrick Onwuasor\OnwuPa00,LB,BAL,"$3,095,000 "
,Chester Rogers\RogeCh02,WR,IND,"$3,095,000 "
,Jalen Richard\RichJa01,RB,OAK,"$3,095,000 "
,Michael Pierce\PierMi00,DT,BAL,"$3,095,000 "
270,Quinton Dunbar\DunbQu00,WR,WAS,"$3,000,000 "
,Devin Funchess\FuncDe00,WR,IND,"$3,000,000 "
,Clay Matthews\MattCl99,LB,LAR,"$3,000,000 "
,Jaquiski Tartt\TartJa00,SS,SFO,"$3,000,000 "
,Colt McCoy\McCoCo00,QB,WAS,"$3,000,000 "
,Terrell Suggs\SuggTe99,LB-DE,ARI,"$3,000,000 "
,Ben Watson\WatsBe00,TE,NWE,"$3,000,000 "
,Cordarrelle Patterson\PattCo00,WR,CHI,"$3,000,000 "
,Kareem Jackson\JackKa99,DB,DEN,"$3,000,000 "
,Michael Bennett\BennMi99,DE,NWE,"$3,000,000 "
,Gerald McCoy\McCoGe99,DT,CAR,"$3,000,000 "
,Willie Snead\SneaWi00,WR,BAL,"$3,000,000 "
282,Wesley Woodyard\WoodWe20,LB,TEN,"$2,950,000 "
,Marquise Goodwin\GoodMa00,WR,SFO,"$2,950,000 "
,Tahir Whitehead\WhitTa00,OLB,OAK,"$2,950,000 "
,Jordan Poyer\PoyeJo00,CB,BUF,"$2,950,000 "
,Thomas Morstead\MorsTh00,P,NOR,"$2,950,000 "
287,Leonard Fournette\FourLe00,RB,JAX,"$2,933,258 "
288,Johnathan Joseph\JoseJo20,DB,HOU,"$2,900,000 "
,Bradley McDougald\McDoBr01,FS,SEA,"$2,900,000 "
,Akeem Spence\SpenAk00,DT,PHI,"$2,900,000 "
,Anthony Barr\BarrAn00,OLB,MIN,"$2,900,000 "
292,Marcell Dareus\DareMa00,DT,JAX,"$2,835,000 "
293,Chris Thompson\ThomCh03,RB,WAS,"$2,750,000 "
,Chris Smith\SmitCh03,DE,CLE,"$2,750,000 "
,Allen Bailey\BailAl00,DL,ATL,"$2,750,000 "
,Brandon McManus\McMaBr01,K,DEN,"$2,750,000 "
,Jaron Brown\BrowJa03,WR,SEA,"$2,750,000 "
,Davante Adams\AdamDa01,WR,GNB,"$2,750,000 "
,Senio Kelemete\KeleSe00,T,HOU,"$2,750,000 "
,Matt Ryan\RyanMa00,QB,ATL,"$2,750,000 "
301,Britton Colquitt\ColqBr00,P,MIN,"$2,700,000 "
302,Quandre Diggs\DiggQu00,CB,DET,"$2,657,000 "
303,Jack Conklin\ConkJa00,OT,TEN,"$2,617,862 "
304,Leonard Floyd\FloyLe00,OLB,CHI,"$2,602,208 "
305,Lane Taylor\TaylLa01,G,GNB,"$2,600,000 "
306,Jack Crawford\CrawJa00,DE,ATL,"$2,550,000 "
307,Matthew Bosher\BoshMa00,P,ATL,"$2,545,000 "
308,Eli Apple\ApplEl00,CB,NOR,"$2,516,225 "
309,Terrance Mitchell\MitcTe00,CB,CLE,"$2,500,000 "
,Ben Roethlisberger\RoetBe00,QB,PIT,"$2,500,000 "
,Kyle Long\LongKy00,OT,CHI,"$2,500,000 "
,Johnson Bademosi\BadeJo00,DB,MIA,"$2,500,000 "
,Tashaun Gipson\GipsTa00,DB,HOU,"$2,500,000 "
,Ted Ginn\GinnTe00,WR,NOR,"$2,500,000 "
,Jamon Brown\BrowJa04,OT,ATL,"$2,500,000 "
,Ezekiel Ansah\AnsaEz00,DE,SEA,"$2,500,000 "
,Duron Harmon\HarmDu00,FS,NWE,"$2,500,000 "
,Virgil Green\GreeVi00,TE,LAC,"$2,500,000 "
,Kenny Wiggins\WiggKe00,T,DET,"$2,500,000 "
,Rob Havenstein\HaveRo00,OT,LAR,"$2,500,000 "
,James White\WhitJa02,RB,NWE,"$2,500,000 "
322,Dustin Colquitt\ColqDu20,P,KAN,"$2,450,000 "
,Christian Jones\JoneCh05,ILB,DET,"$2,450,000 "
324,Jon Feliciano\FeliJo00,OG,BUF,"$2,400,000 "
,Lawrence Guy\GuyxLa00,DT,NWE,"$2,400,000 "
,Sam Martin\MartSa01,P,DET,"$2,400,000 "
,Ryan Kalil\KaliRy20,C,NYJ,"$2,400,000 "
,Bobby Massie\MassBo00,T,CHI,"$2,400,000 "
329,Vernon Hargreaves\HargVe00,CB,TAM,"$2,383,317 "
330,Kevin Huber\HubeKe20,P,CIN,"$2,350,000 "
331,Greg Zuerlein\ZuerGr00,K,LAR,"$2,325,000 "
332,Khalil Mack\MackKh00,OLB,CHI,"$2,300,000 "
,Ross Cockrell\CockRo00,CB,CAR,"$2,300,000 "
334,Dustin Hopkins\HopkDu00,K,WAS,"$2,275,000 "
335,Mike Williams\WillMi07,WR,LAC,"$2,260,448 "
336,Xavier Williams\WillXa00,DT,KAN,"$2,257,000 "
337,Ryan Griffin\GrifRy00,TE,NYJ,"$2,250,000 "
,Daryl Williams\WillDa06,OT,CAR,"$2,250,000 "
,Eddie Goldman\GoldEd00,DT,CHI,"$2,250,000 "
,Jordan Phillips\PhilJo01,DT,BUF,"$2,250,000 "
,Buster Skrine\SkriBu00,DB,CHI,"$2,250,000 "
342,Daniel Kilgore\KilgDa00,OL,MIA,"$2,225,000 "
343,Cole Beasley\BeasCo00,WR,BUF,"$2,200,000 "
,Matt Prater\PratMa20,K,DET,"$2,200,000 "
345,Sheldon Rankins\RankSh00,DT,NOR,"$2,195,680 "
346,Laremy Tunsil\TunsLa00,OT,HOU,"$2,148,770 "
347,Karl Joseph\JoseKa00,SS,OAK,"$2,070,589 "
348,Daren Bates\BateDa00,LB,TEN,"$2,050,000 "
349,Christian McCaffrey\McCaCh01,RB,CAR,"$2,032,390 "
350,Caleb Benenoch\BeneCa00,OT,TAM,"$2,025,000 "
,Javon Hargrave\HargJa00,DT,PIT,"$2,025,000 "
,Graham Glasgow\GlasGr00,OG,DET,"$2,025,000 "
,Tyler Higbee\HigbTy00,TE,LAR,"$2,025,000 "
,Alex Lewis\LewiAl01,OT,NYJ,"$2,025,000 "
,Anthony Brown\BrowAn02,CB,DAL,"$2,025,000 "
,Halapoulivaati Vaitai\VaitHa00,OT,PHI,"$2,025,000 "
,De'Vondre Campbell\CampDe00,OLB,ATL,"$2,025,000 "
,Nick Kwiatkoski\KwiaNi00,ILB,CHI,"$2,025,000 "
,Elandon Roberts\RobeEl00,ILB,NWE,"$2,025,000 "
,Kenyan Drake\DrakKe00,RB,MIA,"$2,025,000 "
,Tajae Sharpe\SharTa00,WR,TEN,"$2,025,000 "
,Justin Simmons\SimmJu00,FS,DEN,"$2,025,000 "
,Ryan Smith\SmitRy00,CB,TAM,"$2,025,000 "
,Matthew Ioannidis\IoanMa01,DT,WAS,"$2,025,000 "
,Rashod Hill\HillRa01,T,MIN,"$2,025,000 "
,Matt Judon\JudoMa00,DE,BAL,"$2,025,000 "
,Blake Countess\CounBl00,CB,NYJ,"$2,025,000 "
,Joe Schobert\SchoJo00,OLB,CLE,"$2,025,000 "
,Jatavis Brown\BrowJa05,OLB,LAC,"$2,025,000 "
,Connor McGovern\McGoCo00,OG,DEN,"$2,025,000 "
,Trevor Williams\WillTr05,CB,ARI,"$2,025,000 "
,Blake Martinez\MartBl01,ILB,GNB,"$2,025,000 "
,Brandon Shell\ShelBr00,OT,NYJ,"$2,025,000 "
,Yannick Ngakoue\NgakYa00,OLB,JAX,"$2,025,000 "
,Maliek Collins\CollMa00,DT,DAL,"$2,025,000 "
,Xavier Grimble\GrimXa00,TE,PIT,"$2,025,000 "
,Brennan Scarlett\ScarBr00,LB,HOU,"$2,025,000 "
,Will Parks\ParkWi01,S,DEN,"$2,025,000 "
,Carl Nassib\NassCa00,DE,TAM,"$2,025,000 "
,Jordan Lucas\LucaJo00,SS,KAN,"$2,025,000 "
,David Onyemata\OnyeDa00,DT,NOR,"$2,025,000 "
,Brandon Dunn\DunnBr00,DT,HOU,"$2,025,000 "
,Quinton Jefferson\JeffQu00,DT,SEA,"$2,025,000 "
,Kevin Byard\ByarKe01,S,TEN,"$2,025,000 "
,D.J. Reader\ReadD.00,DT,HOU,"$2,025,000 "
,Wes Schweitzer\SchwWe00,OT,ATL,"$2,025,000 "
,Jordan Jenkins\JenkJo01,OLB,NYJ,"$2,025,000 "
,Jordan Howard\HowaJo00,RB,PHI,"$2,025,000 "
,Dak Prescott\PresDa01,QB,DAL,"$2,025,000 "
,Jalen Mills\MillJa02,CB,PHI,"$2,025,000 "
,Troy Hill\HillTr01,CB,LAR,"$2,025,000 "
,Joe Haeg\HaegJo00,OT,IND,"$2,025,000 "
,Austin Blythe\BlytAu00,C,LAR,"$2,025,000 "
,Austin Hooper\HoopAu00,TE,ATL,"$2,025,000 "
,Josh Gordon\GordJo02,WR,NWE,"$2,025,000 "
,Rashard Higgins\HiggRa00,WR,CLE,"$2,025,000 "
,Peyton Barber\BarbPe01,RB,TAM,"$2,025,000 "
,Kendall Fuller\FullKe00,CB,KAN,"$2,025,000 "
,Dean Lowry\LowrDe00,DE,GNB,"$2,025,000 "
400,John Ross\RossJo00,WR,CIN,"$2,020,988 "
401,Eric Murray\MurrEr00,CB,CLE,"$2,015,500 "
,Demarcus Robinson\RobiDe01,WR,KAN,"$2,015,500 "
403,Kyler Fackrell\FackKy00,OLB,GNB,"$2,010,000 "
404,Beau Allen\AlleBe00,DT,TAM,"$2,000,000 "
,Nick Vigil\VigiNi00,ILB,CIN,"$2,000,000 "
,Adam Humphries\HumpAd00,WR,TEN,"$2,000,000 "
,Stephen Hauschka\HausSt00,K,BUF,"$2,000,000 "
,Breshad Perriman\PerrBr02,WR,TAM,"$2,000,000 "
,Michael Schofield\SchoMi00,OT,LAC,"$2,000,000 "
,Jeff Heath\HeatJe00,S,DAL,"$2,000,000 "
,Jordan Hicks\HickJo00,OLB,ARI,"$2,000,000 "
,James Carpenter\CarpJa00,OL,ATL,"$2,000,000 "
,Josh McCown\McCoJo01,QB,PHI,"$2,000,000 "
,Ha Ha Clinton-Dix\ClinHa00,FS,CHI,"$2,000,000 "
,Angelo Blackson\BlacAn00,DT,HOU,"$2,000,000 "
,Jason Witten\WittJa00,TE,DAL,"$2,000,000 "
,Jason McCourty\McCoJa99,DB,NWE,"$2,000,000 "
,Nate Ebner\EbneNa00,DB,NWE,"$2,000,000 "
,Ty Sambrailo\SambTy00,OT,ATL,"$2,000,000 "
,Jimmie Ward\WardJi01,SS,SFO,"$2,000,000 "
,Earl Thomas\ThomEa99,DB,BAL,"$2,000,000 "
,Le'Veon Bell\BellLe00,RB,NYJ,"$2,000,000 "
,Laken Tomlinson\TomlLa01,OG,SFO,"$2,000,000 "
,Nick Easton\EastNi00,C,NOR,"$2,000,000 "
,Andre Roberts\RobeAn00,WR,BUF,"$2,000,000 "
,Andy Lee\LeexAn20,P,ARI,"$2,000,000 "
,Lerentee McCray\McCrLe01,LB,JAX,"$2,000,000 "
,Mychal Kendricks\KendMy00,ILB,SEA,"$2,000,000 "
,Jacoby Brissett\BrisJa00,QB,IND,"$2,000,000 "
,Ereck Flowers\FlowEr00,OT,WAS,"$2,000,000 "
,Lorenzo Alexander\AlexLo99,LB,BUF,"$2,000,000 "
,Jared Cook\CookJa02,TE,NOR,"$2,000,000 "
,Mark Ingram\IngrMa01,RB,BAL,"$2,000,000 "
,Henry Anderson\AndeHe00,DE,NYJ,"$2,000,000 "
,Kevin Johnson\JohnKe04,CB,BUF,"$2,000,000 "
,Jeff Heuerman\HeueJe00,TE,DEN,"$2,000,000 "
,Sean Lee\LeexSe99,LB,DAL,"$2,000,000 "
,Randall Cobb\CobbRa00,WR,DAL,"$2,000,000 "
439,Joe Thuney\ThunJo00,OG,NWE,"$1,995,000 "
440,Golden Tate\TateGo00,WR,NYG,"$1,975,000 "
441,Tyreek Hill\HillTy00,WR,KAN,"$1,965,036 "
442,Taylor Decker\DeckTa00,OT,DET,"$1,945,498 "
443,Keanu Neal\NealKe01,FS,ATL,"$1,914,224 "
444,Rontez Miles\MileRo00,FS,NYJ,"$1,907,000 "
445,Patrick Chung\ChunPa99,DB,NWE,"$1,900,000 "
,Michael Thomas\ThomMi02,S,NYG,"$1,900,000 "
,Lee Smith\SmitLe00,TE,BUF,"$1,900,000 "
,Greg Olsen\OlseGr00,TE,CAR,"$1,900,000 "
449,Saquon Barkley\BarkSa00,RB,NYG,"$1,897,943 "
450,Ryan Kelly\KellRy00,C,IND,"$1,875,134 "
451,Adam Vinatieri\vinatada01,K,IND,"$1,875,000 "
452,Marshon Lattimore\LattMa01,CB,NOR,"$1,861,324 "
453,Shaq Lawson\LawsSh00,DE,BUF,"$1,851,679 "
454,Darron Lee\LeexDa00,OLB,KAN,"$1,843,861 "
455,Will Fuller\FullWi01,WR,HOU,"$1,836,043 "
456,Denzel Ward\WardDe02,CB,CLE,"$1,805,698 "
457,Laquon Treadwell\TreaLa00,WR,MIN,"$1,804,770 "
458,Chris Jones\JoneCh02,P,DAL,"$1,800,000 "
,Tyler Kroft\KrofTy00,TE,BUF,"$1,800,000 "
,Brett Kern\KernBr20,P,TEN,"$1,800,000 "
,Jonathan Bostic\BostJo00,LB,WAS,"$1,800,000 "
,Duke Johnson\JohnDu00,RB,HOU,"$1,800,000 "
463,William Jackson\JackWi02,CB,CIN,"$1,773,497 "
464,Artie Burns\BurnAr00,CB,PIT,"$1,757,861 "
465,Joe Thomas\ThomJo04,LB,DAL,"$1,750,000 "
,Kwon Alexander\AlexKw00,OLB,SFO,"$1,750,000 "
,Rex Burkhead\BurkRe00,RB,NWE,"$1,750,000 "
,Cody Davis\DaviCo02,S,JAX,"$1,750,000 "
,Ryan Tannehill\TannRy00,QB,TEN,"$1,750,000 "
,Quinton Spain\SpaiQu00,OG,BUF,"$1,750,000 "
471,Kenny Clark\ClarKe01,DT,GNB,"$1,726,588 "
472,Antoine Bethea\BethAn20,DB,NYG,"$1,725,000 "
473,Deshaun Watson\WatsDe00,QB,HOU,"$1,724,480 "
474,Jordan Mills\MillJo02,OT,ARI,"$1,700,000 "
,Seth Roberts\RobeSe00,WR,BAL,"$1,700,000 "
476,Haason Reddick\ReddHa00,OLB,ARI,"$1,690,270 "
477,Derek Barnett\BarnDe01,DE,PHI,"$1,633,252 "
478,Malik Hooker\HookMa00,FS,IND,"$1,610,446 "
479,Matthew Slater\SlatMa00,WR,NWE,"$1,600,000 "
,Derek Carrier\CarrDe00,WR,OAK,"$1,600,000 "
,Patrick DiMarco\DiMaPa00,FB,BUF,"$1,600,000 "
482,Germain Ifedi\IfedGe00,OT,SEA,"$1,577,060 "
483,Tevin Coleman\ColeTe01,RB,SFO,"$1,550,000 "
,K'Waun Williams\WillKW00,DB,SFO,"$1,550,000 "
485,Marlon Humphrey\HumpMa00,CB,BAL,"$1,542,044 "
486,Jonathan Allen\AlleJo01,DT,WAS,"$1,519,216 "
487,Zach Kerr\KerrZa00,NT,ARI,"$1,500,000 "
,Jamison Crowder\CrowJa00,WR,NYJ,"$1,500,000 "
,Eric Reid\ReidEr00,FS,CAR,"$1,500,000 "
,Darqueze Dennard\DennDa00,CB,CIN,"$1,500,000 "
,Adrian Phillips\PhilAd00,DB,LAC,"$1,500,000 "
,Brandon Copeland\CopeBr00,LB,NYJ,"$1,500,000 "
,Greg Mancz\MancGr00,C,HOU,"$1,500,000 "
,J.R. Sweezy\SweeJ.00,G,ARI,"$1,500,000 "
,Sherrick McManis\McMaSh99,DB,CHI,"$1,500,000 "
,Justin Bethel\BethJu00,CB,BAL,"$1,500,000 "
,Ryan Fitzpatrick\FitzRy00,QB,MIA,"$1,500,000 "
,Anthony Levine\LeviAn00,S,BAL,"$1,500,000 "
,Mark Glowinski\GlowMa00,OG,IND,"$1,500,000 "
,C.J. Uzomah\UzomC.00,TE,CIN,"$1,500,000 "
,Carl Davis\DaviCa01,DT,IND,"$1,500,000 "
,Phillip Dorsett\DorsPh00,WR,NWE,"$1,500,000 "
,Seantrel Henderson\HendSe00,OT,HOU,"$1,500,000 "
,K.J. Wright\WrigK.00,LB,SEA,"$1,500,000 "
,Damion Square\SquaDa00,DE,LAC,"$1,500,000 "
,Steve McLendon\McLeSt00,DT,NYJ,"$1,500,000 "
,Donte Moncrief\MoncDo00,WR,PIT,"$1,500,000 "
,Jason Myers\MyerJa00,K,SEA,"$1,500,000 "
,Demarcus Lawrence\LawrDe00,DE,DAL,"$1,500,000 "
,Tress Way\WayxTr00,P,WAS,"$1,500,000 "
,Jonotthan Harrison\HarrJo03,C,NYJ,"$1,500,000 "
,Jarius Wright\WrigJa02,WR,CAR,"$1,500,000 "
,Steven Nelson\NelsSt01,CB,PIT,"$1,500,000 "
,Rodney McLeod\McLeRo00,S,PHI,"$1,500,000 "
,Geoff Swaim\SwaiGe00,TE,JAX,"$1,500,000 "
516,Adoree' Jackson\JackAd00,CB,TEN,"$1,490,708 "
517,Ben Banogu\BanoBe00,EDGE,IND,"$1,482,500 "
518,Randy Bullock\BullRa00,K,CIN,"$1,475,000 "
519,O.J. Howard\HowaO.00,TE,TAM,"$1,473,602 "
520,Garett Bolles\BollGa00,OT,DEN,"$1,467,900 "
521,Jarrad Davis\DaviJa01,ILB,DET,"$1,462,198 "
522,Charles Harris\HarrCh03,DE,MIA,"$1,450,794 "
523,Bradley Sowell\SoweBr00,T,CHI,"$1,450,000 "
,Cameron Erving\ErviCa00,OT,KAN,"$1,450,000 "
,Jarrod Wilson\WilsJa00,S,JAX,"$1,450,000 "
,Josh Kline\KlinJo01,OL,MIN,"$1,450,000 "
,Michael Person\PersMi00,OL,SFO,"$1,450,000 "
,Geronimo Allison\AlliGe01,WR,GNB,"$1,450,000 "
529,Irv Smith Jr.\SmitIr01,TE,MIN,"$1,447,500 "
530,Evan Engram\EngrEv00,TE,NYG,"$1,439,391 "
531,Gareon Conley\ConlGa00,CB,OAK,"$1,416,584 "
532,Tom Compton\CompTo00,T,NYJ,"$1,410,000 "
533,Jabrill Peppers\PeppJa00,SS,NYG,"$1,405,181 "
534,Carlos Hyde\HydeCa00,RB,HOU,"$1,400,000 "
,Keith Smith\SmitKe03,LB,ATL,"$1,400,000 "
,Luke Stocker\StocLu00,TE,ATL,"$1,400,000 "
,Alex Erickson\EricAl01,WR,CIN,"$1,400,000 "
,Drew Brees\BreeDr00,QB,NOR,"$1,400,000 "
,Walt Aikens\AikeWa00,CB,MIA,"$1,400,000 "
,Raheem Mostert\MostRa00,RB,SFO,"$1,400,000 "
541,Takkarist McKinley\McKiTa00,OLB,ATL,"$1,393,775 "
542,TreDavious White\WhitTr01,CB,BUF,"$1,382,374 "
543,Taco Charlton\CharTa00,DE,MIA,"$1,376,672 "
544,Eric Rowe\RoweEr00,CB,MIA,"$1,375,000 "
,Nick Dzubnar\DzubNi00,LB,LAC,"$1,375,000 "
546,Emmanuel Ogbah\OgbaEm00,DE,KAN,"$1,351,315 "
547,Spencer Long\LongSp00,OG,BUF,"$1,350,000 "
,Adarius Taylor\GlanAd00,LB,CLE,"$1,350,000 "
,Dennis Kelly\KellDe00,OT,TEN,"$1,350,000 "
,Billy Turner\TurnBi00,OT,GNB,"$1,350,000 "
551,Jaylon Smith\SmitJa05,OLB,DAL,"$1,335,678 "
552,David Njoku\NjokDa00,TE,CLE,"$1,330,918 "
553,Roquan Smith\SmitRo07,ILB,CHI,"$1,319,871 "
554,Myles Jack\JackMy00,OLB,JAX,"$1,313,787 "
555,T.J. Watt\WattT.00,OLB,PIT,"$1,306,688 "
556,Rashaan Melvin\MelvRa00,CB,DET,"$1,300,000 "
557,Xavien Howard\HowaXa00,CB,MIA,"$1,285,642 "
558,Erik Harris\HarrEr00,DB,OAK,"$1,275,000 "
559,Ryan Ramczyk\RamcRy00,OT,NOR,"$1,273,323 "
560,Noah Spence\SpenNo00,DE,WAS,"$1,273,132 "
561,Sterling Shepard\ShepSt00,WR,NYG,"$1,260,623 "
562,Clayton Geathers\GeatCl00,SS,IND,"$1,250,000 "
,Teddy Bridgewater\BridTe00,QB,NOR,"$1,250,000 "
,Bruce Irvin\IrviBr00,DE,CAR,"$1,250,000 "
,Tyson Alualu\AluaTy99,DT,PIT,"$1,250,000 "
,Kenny Vaccaro\VaccKe00,FS,TEN,"$1,250,000 "
,Frank Gore\GoreFr00,RB,BUF,"$1,250,000 "
,Roosevelt Nix\NixxRo01,FB,PIT,"$1,250,000 "
,Adrian Amos\AmosAd00,FS,GNB,"$1,250,000 "
,Thomas Davis\DaviTh20,LB,LAC,"$1,250,000 "
,Matt Barkley\BarkMa00,QB,BUF,"$1,250,000 "
,Stefen Wisniewski\WisnSt01,OL,KAN,"$1,250,000 "
,Julian Stanford\StanJu00,LB,BUF,"$1,250,000 "
,Pat O'Donnell\ODonPa00,P,CHI,"$1,250,000 "
,Al Woods\WoodAl99,DT,SEA,"$1,250,000 "
,Demetrius Harris\HarrDe03,TE,CLE,"$1,250,000 "
,Beau Brinkley\BrinBe00,LSTE,TEN,"$1,250,000 "
578,Kamalei Correa\CorrKa00,OLB,TEN,"$1,234,043 "
579,Minkah Fitzpatrick\FitzMi00,FS,2TM,"$1,227,626 "
580,Deshazor Everett\EverDe01,CB,WAS,"$1,225,000 "
581,Austin Johnson\JohnAu01,DT,TEN,"$1,222,122 "
582,Demaryius Thomas\ThomDe03,WR,NYJ,"$1,200,000 "
,Kendall Lamm\LammKe00,T,CLE,"$1,200,000 "
584,Chris Jones\JoneCh09,DT,KAN,"$1,199,714 "
585,Reggie Ragland\RaglRe00,ILB,KAN,"$1,196,551 "
586,Derrick Henry\HenrDe00,RB,TEN,"$1,187,445 "
587,Hunter Henry\HenrHu00,TE,LAC,"$1,170,042 "
588,A'Shawn Robinson\RobiAS00,DT,DET,"$1,163,678 "
589,Vita Vea\VeaxVi00,DT,TAM,"$1,153,829 "
590,Vontaze Burfict\BurfVo00,LB,OAK,"$1,150,000 "
,Kyle Wilber\WilbKy00,OLB,OAK,"$1,150,000 "
,Jordan Berry\BerrJo00,P,PIT,"$1,150,000 "
,Charles Clay\ClayCh00,TE,ARI,"$1,150,000 "
594,Michael Thomas\ThomMi05,WR,NOR,"$1,148,041 "
595,Vernon Butler\ButlVe00,DT,CAR,"$1,144,980 "
596,Da'Ron Payne\PaynDa00,DT,WAS,"$1,135,380 "
597,Mike Remmers\RemmMi00,T,NYG,"$1,125,000 "
,Brooks Reed\ReedBr00,DL,ARI,"$1,125,000 "
,Tre Boston\BostTr00,FS,CAR,"$1,125,000 "
600,Jarran Reed\ReedJa02,DT,SEA,"$1,116,769 "
601,Kevin King\KingKe01,CB,GNB,"$1,108,717 "
602,Cam Robinson\RobiCa00,OT,JAX,"$1,103,015 "
603,Nick Martin\MartNi00,C,HOU,"$1,101,133 "
604,Ramon Foster\FostRa21,T,PIT,"$1,100,000 "
,Jason Verrett\VerrJa00,CB,SFO,"$1,100,000 "
,Stephen Gostkowski\GostSt20,K,NWE,"$1,100,000 "
,Eric Kush\KushEr00,C,CLE,"$1,100,000 "
,Aaron Rodgers\RodgAa00,QB,GNB,"$1,100,000 "
,Mark Nzeocha\NzeoMa00,OLB,SFO,"$1,100,000 "
610,Kolton Miller\MillKo00,OT,OAK,"$1,092,333 "
611,Budda Baker\BakeBu00,FS,ARI,"$1,085,910 "
612,Zay Jones\JoneZa00,WR,BUF,"$1,081,348 "
613,Morris Claiborne\ClaiMo00,CB,KAN,"$1,080,000 "
614,Forrest Lamp\LampFo00,OG,LAC,"$1,071,084 "
615,Deion Jones\JoneDe01,OLB,ATL,"$1,069,860 "
616,Marcus Maye\MayeMa00,FS,NYJ,"$1,060,822 "
617,Tremaine Edmunds\EdmuTr01,ILB,BUF,"$1,055,434 "
618,Curtis Samuel\SamuCu00,WR,CAR,"$1,051,698 "
619,Brandon Mebane\MebaBr99,DT,LAC,"$1,050,000 "
,Damien Williams\WillDa05,RB,KAN,"$1,050,000 "
,Marcedes Lewis\LewiMa00,TE,GNB,"$1,050,000 "
,Deone Bucannon\BucaDe00,SS,TAM,"$1,050,000 "
623,Dalvin Cook\CookDa01,RB,MIN,"$1,042,576 "
624,Mackensie Alexander\AlexMa01,CB,MIN,"$1,038,587 "
625,Marcus Williams\WillMa06,FS,NOR,"$1,032,313 "
626,Matt Schaub\SchaMa00,QB,ATL,"$1,030,000 "
,Richie Incognito\IncoRi20,G,OAK,"$1,030,000 "
,L.P. Ladouceur\LadoL.20,LS,DAL,"$1,030,000 "
,Don Muhlbach\MuhlDo20,C,DET,"$1,030,000 "
,Adrian Peterson\PeteAd01,RB,WAS,"$1,030,000 "
,Donald Penn\PennDo20,T,WAS,"$1,030,000 "
,Dominique Rodgers-Cromartie\RodgDo99,DB,WAS,"$1,030,000 "
,J.J. Jansen\JansJ.00,C,CAR,"$1,030,000 "
,Sam Young\YounSa21,T,SFO,"$1,030,000 "
,Andre Smith\SmitAn23,T,CIN,"$1,030,000 "
,Orlando Scandrick\ScanOr99,DB,PHI,"$1,030,000 "
,Clark Harris\HarrCl20,TE,CIN,"$1,030,000 "
,Darren Sproles\SproDa00,RB,PHI,"$1,030,000 "
,Zak DeOssie\DeOsZa99,LB,NYG,"$1,030,000 "
,DeSean Jackson\JackDe00,WR,PHI,"$1,030,000 "
641,Jaire Alexander\AlexJa00,CB,GNB,"$1,027,761 "
642,Cody Whitehair\WhitCo03,OG,CHI,"$1,026,077 "
643,L.J. Fort\FortL.00,LB,2TM,"$1,025,000 "
644,Sidney Jones\JoneSi00,CB,PHI,"$1,023,190 "
645,Leighton Vander Esch\VandLe00,OLB,DAL,"$1,018,535 "
646,Frank Ragnow\RagnFr00,C,DET,"$1,015,461 "
647,Gerald Everett\EverGe00,TE,LAR,"$1,014,497 "
648,Billy Price\PricBi01,C,CIN,"$1,012,386 "
649,Sean Davis\DaviSe00,FS,PIT,"$1,007,314 "
650,Rashaan Evans\EvanRa01,ILB,TEN,"$1,006,236 "
651,Adam Shaheen\ShahAd00,TE,CHI,"$1,002,322 "
652,Isaiah Wynn\WynnIs00,OT,NWE,"$1,000,087 "
653,Aaron Lynch\LyncAa00,DE,CHI,"$1,000,000 "
,Josh Lambo\LambJo00,K,JAX,"$1,000,000 "
,Nevin Lawson\LawsNe00,CB,OAK,"$1,000,000 "
,Cameron Fleming\FlemCa00,OT,DAL,"$1,000,000 "
,Malik Jackson\JackMa02,DT,PHI,"$1,000,000 "
,Landon Collins\CollLa00,SS,WAS,"$1,000,000 "
,C.J. Anderson\AndeC.00,RB,DET,"$1,000,000 "
,Chris Reed\ReedCh00,G,MIA,"$1,000,000 "
,Margus Hunt\HuntMa00,DE,IND,"$1,000,000 "
,T.J. Yeldon\YeldT.00,RB,BUF,"$1,000,000 "
,Zach Brown\BrowZa00,OLB,PHI,"$1,000,000 "
,Tyrod Taylor\TaylTy00,QB,LAC,"$1,000,000 "
,Tramaine Brock\BrocTr00,DB,ARI,"$1,000,000 "
,Mike Iupati\IupaMi20,G,SEA,"$1,000,000 "
,Robert Griffin\GrifRo01,QB,BAL,"$1,000,000 "
,Brian Poole\PoolBr01,S,NYJ,"$1,000,000 "
,Dante Fowler\FowlDa00,OLB,LAR,"$1,000,000 "
,Brandin Cooks\CookBr00,WR,LAR,"$1,000,000 "
,Chris Boswell\BoswCh00,K,PIT,"$1,000,000 "
,Tavon Austin\AustTa00,WR,DAL,"$1,000,000 "
,Matt Paradis\ParaMa00,C,CAR,"$1,000,000 "
,C.J. Mosley\MoslC.00,ILB,NYJ,"$1,000,000 "
,James Develin\DeveJa00,RB,NWE,"$1,000,000 "
,Darryl Roberts\RobeDa00,CB,NYJ,"$1,000,000 "
,Za'Darius Smith\SmitZa00,DE,GNB,"$1,000,000 "
,Blake Bortles\BortBl00,QB,LAR,"$1,000,000 "
,B.W. Webb\WebbBW00,CB,CIN,"$1,000,000 "
,Denzelle Good\GoodDe01,OT,OAK,"$1,000,000 "
,Casey Kreiter\KreiCa00,LS,DEN,"$1,000,000 "
,Morgan Burnett\BurnMo99,DB,CLE,"$1,000,000 "
,Tyler Eifert\EifeTy00,TE,CIN,"$1,000,000 "
,Craig Robertson\RobeCr00,LB,NOR,"$1,000,000 "
,Brandon Graham\GrahBr99,DE,PHI,"$1,000,000 "
,Daniel McCullers\McCuDa00,DT,PIT,"$1,000,000 "
,Shaquil Barrett\BarrSh00,OLB,TAM,"$1,000,000 "
,Nick O'Leary\OLeaNi00,TE,MIA,"$1,000,000 "
,Mike Glennon\GlenMi00,QB,OAK,"$1,000,000 "
,Jordan Matthews\MattJo00,WR,SFO,"$1,000,000 "
,Ronald Darby\DarbRo00,CB,PHI,"$1,000,000 "
,Trevor Siemian\SiemTr00,QB,NYJ,"$1,000,000 "
,Malcolm Brown\BrowMa03,RB,LAR,"$1,000,000 "
,Brandon Bolden\BoldBr00,RB,NWE,"$1,000,000 "
,Pierre Desir\DesiPi00,CB,IND,"$1,000,000 "
,Rodney Gunter\GuntRo00,DT,ARI,"$1,000,000 "
,Kyle Fuller\FullKy00,CB,CHI,"$1,000,000 "
,Johnathan Hankins\HankJo00,DT,OAK,"$1,000,000 "
,Timmy Jernigan\JernTi00,DT,PHI,"$1,000,000 "
,Stephon Gilmore\GilmSt00,CB,NWE,"$1,000,000 "
,Mark Barron\BarrMa00,LB,PIT,"$1,000,000 "
,Neville Hewitt\HewiNe00,LB,NYJ,"$1,000,000 "
,Justin Tucker\TuckJu00,K,BAL,"$1,000,000 "
,Christian Covington\CoviCh00,DT,DAL,"$1,000,000 "
,Jamize Olawale\OlawJa00,FB,DAL,"$1,000,000 "
,Mike Davis\DaviMi01,RB,CHI,"$1,000,000 "
,Malcom Brown\BrowMa01,DT,NOR,"$1,000,000 "
,Maurkice Pouncey\PounMa20,C,PIT,"$1,000,000 "
,Joe Looney\LoonJo01,G,DAL,"$1,000,000 "
,Justin Houston\HousJu00,LB,IND,"$1,000,000 "
,Morgan Cox\CoxxMo00,C,BAL,"$1,000,000 "
,Quincy Enunwa\EnunQu00,WR,NYJ,"$1,000,000 "
,Tavon Wilson\WilsTa00,FS,DET,"$1,000,000 "
,Vinny Curry\CurrVi00,DE,PHI,"$1,000,000 "
,Latavius Murray\MurrLa00,RB,NOR,"$1,000,000 "
,Julian Edelman\EdelJu00,WR,NWE,"$1,000,000 "
,Ray-Ray Armstrong\ArmsRa01,LB,NOR,"$1,000,000 "
,Nick Boyle\BoylNi00,TE,BAL,"$1,000,000 "
,Dan Bailey\BailDa00,K,MIN,"$1,000,000 "
720,Cyrus Jones\JoneCy00,CB,BAL,"$996,000 "
721,Vonn Bell\BellVo00,SS,NOR,"$991,677 "
722,Quincy Wilson\WilsQu01,CB,IND,"$989,207 "
723,D.J. Moore\MoorD.00,WR,CAR,"$987,787 "
724,Adam Gotsis\GotsAd00,DT,DEN,"$986,987 "
725,Hayden Hurst\HursHa00,TE,BAL,"$981,638 "
726,Tyler Boyd\BoydTy00,WR,CIN,"$980,769 "
727,Calvin Ridley\RidlCa00,WR,ATL,"$975,487 "
728,Markus Golden\GoldMa00,OLB,NYG,"$975,000 "
,Austin Reiter\ReitAu00,C,KAN,"$975,000 "
,Russell Shepard\ShepRu00,WR,NYG,"$975,000 "
731,Tyus Bowser\BowsTy00,OLB,BAL,"$971,874 "
732,Rashaad Penny\PennRa00,RB,SEA,"$969,338 "
733,Terrell Edmunds\EdmuTe00,S,PIT,"$966,263 "
734,Joe Mixon\MixoJo00,RB,CIN,"$960,470 "
735,Ryan Anderson\AndeRy00,OLB,WAS,"$949,066 "
736,Taven Bryan\BryaTa00,DT,JAX,"$941,589 "
737,James Bradberry\BradJa00,CB,CAR,"$940,114 "
738,Mario Edwards\EdwaMa01,DE,NOR,"$935,000 "
739,Josh Harris\HarrJo02,LS,ATL,"$930,000 "
,Taiwan Jones\JoneTa00,RB,HOU,"$930,000 "
,Fletcher Cox\CoxxFl00,DT,PHI,"$930,000 "
,Kyle Love\LoveKy00,DT,CAR,"$930,000 "
,Andrew Sendejo\SendAn00,DB,PHI,"$930,000 "
,Anthony Sherman\SherAn00,RB,KAN,"$930,000 "
,Colin Jones\JoneCo01,DB,CAR,"$930,000 "
,J'Marcus Webb\WebbJM20,T,MIA,"$930,000 "
,Jason Kelce\KelcJa00,OL,PHI,"$930,000 "
,Darian Stewart\StewDa00,DB,TAM,"$930,000 "
,Aaron Brewer\BrewAa00,LS,ARI,"$930,000 "
,Corey Liuget\LiugCo00,DT,OAK,"$930,000 "
,Dwayne Harris\HarrDw00,WR,OAK,"$930,000 "
,Terrell McClain\McClTe00,DL,KAN,"$930,000 "
,Nick Bellore\BellNi01,LB,SEA,"$930,000 "
,Chris Clark\ClarCh21,T,HOU,"$930,000 "
,Bilal Powell\PoweBi00,RB,NYJ,"$930,000 "
,Nick Sundberg\SundNi00,C,WAS,"$930,000 "
,Ted Larsen\LarsTe20,C,CHI,"$930,000 "
,John Jerry\JerrJo20,G,CIN,"$930,000 "
,Jon Weeks\WeekJo00,C,HOU,"$930,000 "
,Jake McQuaide\McQuJa00,LS,LAR,"$930,000 "
,Josh Bellamy\BellJo02,WR,NYJ,"$930,000 "
,Bryan Anger\AngeBr00,P,HOU,"$930,000 "
,Nigel Bradham\BradNi00,OLB,PHI,"$930,000 "
,Kurt Coleman\ColeKu99,LB,BUF,"$930,000 "
,Adrian Clayborn\ClayAd00,DL,ATL,"$930,000 "
,Pernell McPhee\McPhPe00,DL,BAL,"$930,000 "
,Lance Kendricks\KendLa00,TE,LAC,"$930,000 "
,Marcus Sherels\SherMa20,DB,MIN,"$930,000 "
769,Mike Hughes\HughMi00,CB,MIN,"$928,522 "
770,DeMarcus Walker\WalkDe03,DE,DEN,"$926,260 "
771,Cody Latimer\LatiCo00,WR,NYG,"$925,000 "
772,Sony Michel\MichSo00,RB,NWE,"$917,577 "
773,Lamar Jackson\JackLa00,QB,BAL,"$910,529 "
774,Foster Moreau\MoreFo00,TE,OAK,"$910,000 "
775,Darren Fells\FellDa01,TE,HOU,"$900,000 "
,John Simon\SimoJo01,DE,NWE,"$900,000 "
,Kerry Wynn\WynnKe00,DE,CIN,"$900,000 "
,Christopher Milton\MiltCh00,CB,TEN,"$900,000 "
,Josh Mauro\MaurJo00,DE,OAK,"$900,000 "
,Jamie Collins\CollJa00,OLB,NWE,"$900,000 "
,Tyler Larsen\LarsTy00,C,CAR,"$900,000 "
,John Miller\MillJo04,OG,CIN,"$900,000 "
,Shamar Stephen\StepSh00,DT,MIN,"$900,000 "
,Bobby Hart\HartBo00,OG,CIN,"$900,000 "
,Preston Brown\BrowPr00,ILB,CIN,"$900,000 "
786,Raekwon McMillan\McMiRa02,ILB,MIA,"$892,049 "
787,Dalvin Tomlinson\TomlDa00,DT,NYG,"$880,646 "
788,Zach Cunningham\CunnZa00,OLB,HOU,"$871,522 "
789,Ethan Pocic\PociEt00,C,SEA,"$865,821 "
790,Chidobe Awuzie\AwuzCh00,CB,DAL,"$854,417 "
791,Zach Line\LineZa01,FB,NOR,"$850,000 "
,Wil Lutz\LutzWi00,K,NOR,"$850,000 "
,Tyrann Mathieu\MathTy00,CB,KAN,"$850,000 "
,Chris Banjo\BanjCh00,S,ARI,"$850,000 "
,David Mayo\MayoDa00,ILB,NYG,"$850,000 "
,P.J. Williams\WillP.00,CB,NOR,"$850,000 "
,Maurice Alexander\AlexMa00,SS,BUF,"$850,000 "
,Preston Smith\SmitPr00,DE,GNB,"$850,000 "
,Josh Hill\HillJo02,TE,NOR,"$850,000 "
,Cassius Marsh\MarsCa00,DE,ARI,"$850,000 "
,Brent Urban\UrbaBr00,DE,TEN,"$850,000 "
,D.J. Fluker\FlukDJ00,OT,SEA,"$850,000 "
,Denzel Perryman\PerrDe00,ILB,LAC,"$850,000 "
,Neiko Thorpe\ThorNe00,DB,SEA,"$850,000 "
805,JuJu Smith-Schuster\SmitJu00,WR,PIT,"$846,434 "
806,Dion Dawkins\DawkDi00,OG,BUF,"$845,294 "
807,Taylor Moton\MotoTa00,OT,CAR,"$843,014 "
808,Tanoh Kpassagnon\KpasTa00,DE,KAN,"$832,838 "
809,Chris Hogan\HogaCh00,WR,CAR,"$825,000 "
,Olsen Pierre\PierOl00,DT,NYG,"$825,000 "
811,Maxx Crosby\CrosMa00,EDGE,OAK,"$822,500 "
812,Austin Corbett\CorbAu00,C,CLE,"$821,745 "
813,Larry Ogunjobi\OgunLa00,DT,CLE,"$820,200 "
814,Jonathan Bullard\BullJo00,DE,ARI,"$820,000 "
,James Winchester\WincJa00,LS,KAN,"$820,000 "
816,Will Hernandez\HernWi00,OG,NYG,"$818,670 "
817,Nick Chubb\ChubNi00,RB,CLE,"$815,595 "
818,Ahkello Witherspoon\WithAh00,CB,SFO,"$815,375 "
819,Dawuane Smoot\SmooDa00,DE,JAX,"$812,500 "
,Dru Samia\SamiDr00,OL,MIN,"$812,500 "
,Justice Hill\HillJu00,RB,BAL,"$812,500 "
822,Cooper Kupp\KuppCo00,WR,LAR,"$811,000 "
823,Pat Elflein\ElflPa00,C,MIN,"$809,500 "
824,Darius Leonard\LeonDa00,LB,IND,"$809,446 "
825,Alvin Kamara\KamaAl00,RB,NOR,"$807,500 "
826,Braden Smith\SmitBr06,OG,IND,"$806,986 "
827,Anthony Chickillo\ChicAn00,DE,PIT,"$806,000 "
828,Chris Conley\ConlCh00,WR,JAX,"$805,000 "
,Greg Van Roten\VanRGr00,G,CAR,"$805,000 "
,Earl Watford\WatfEa00,OG,TAM,"$805,000 "
,Tyler Shatley\ShatTy00,OG,JAX,"$805,000 "
,Najee Goode\GoodNa00,ILB,JAX,"$805,000 "
,Danny Shelton\ShelDa01,DT,NWE,"$805,000 "
,Brynden Trawick\TrawBr00,S,BAL,"$805,000 "
,Ty Montgomery\MontTy01,WR/RB,NYJ,"$805,000 "
,Tyeler Davison\DaviTy01,DT,ATL,"$805,000 "
,Kenjon Barner\BarnKe00,RB,ATL,"$805,000 "
,Jordan Devey\DeveJo00,T,OAK,"$805,000 "
,Kevin Pierre-Louis\PierKe00,OLB,CHI,"$805,000 "
,Bradley Pinion\PiniBr00,P,TAM,"$805,000 "
,Rakeem Nunez-Roches\NuneRa00,DT,TAM,"$805,000 "
,Blidi Wreh-Wilson\WrehBl00,CB,ATL,"$805,000 "
,T.J. Jones\JoneT.00,WR,NYG,"$805,000 "
,Justin Coleman\ColeJu01,CB,DET,"$805,000 "
,JJ Nelson\NelsJJ00,WR,OAK,"$805,000 "
,Tony Bergstrom\BergTo00,OT,WAS,"$805,000 "
,Phillip Gaines\GainPh00,CB,HOU,"$805,000 "
,Kevin Minter\MintKe00,ILB,TAM,"$805,000 "
,Ramik Wilson\WilsRa00,ILB,ARI,"$805,000 "
,Frank Clark\ClarFr01,DE,KAN,"$805,000 "
,Ryan Groy\GroyRy00,OG,LAC,"$805,000 "
,Jesse James\JameJe00,TE,DET,"$805,000 "
,Maxx Williams\WillMa04,TE,ARI,"$805,000 "
,Cedric Ogbuehi\OgbuCe00,OT,JAX,"$805,000 "
,Ben Garland\GarlBe00,DL,SFO,"$805,000 "
,Patrick Omameh\OmamPa00,G,NOR,"$805,000 "
,Jamar Taylor\TaylJa01,CB,SEA,"$805,000 "
,Dakota Dozier\DoziDa00,OT,MIN,"$805,000 "
,A.J. Cann\CannA.00,OG,JAX,"$805,000 "
,Lane Johnson\JohnLa01,OT,PHI,"$805,000 "
,A.Q. Shipley\ShipA.20,C,ARI,"$805,000 "
,Levine Toilolo\ToilLe00,TE,SFO,"$805,000 "
,D.J. Alexander\AlexD.00,OLB,JAX,"$805,000 "
,Corey Nelson\NelsCo00,OLB,DEN,"$805,000 "
,Bennie Fowler\FowlBe00,WR,NYG,"$805,000 "
,Xavier Su'a-Filo\Sua-Xa00,OG,DAL,"$805,000 "
,Stephone Anthony\AnthSt00,ILB,NOR,"$805,000 "
,Josh Wells\WellJo02,T,TAM,"$805,000 "
,Josh Robinson\RobiJo01,CB,JAX,"$805,000 "
,Javorius Allen\AlleJa01,RB,NYG,"$805,000 "
,Luke Willson\WillLu00,TE,SEA,"$805,000 "
,Johnathan Cyprien\CyprJo00,SS,2TM,"$805,000 "
,Dontrelle Inman\InmaDo00,WR,LAC,"$805,000 "
,Daniel Brown\BrowDa04,TE,NYJ,"$805,000 "
,Justin Hardy\HardJu00,WR,ATL,"$805,000 "
,Alex Okafor\OkafAl00,DE,KAN,"$805,000 "
,Geremy Davis\DaviGe00,WR,LAC,"$805,000 "
,Kemal Ishmael\IshmKe00,DB,ATL,"$805,000 "
,Ryan Grant\GranRy01,WR,OAK,"$805,000 "
,Bryce Hager\HageBr00,ILB,LAR,"$805,000 "
,James O'Shaughnessy\O'ShJa00,TE,JAX,"$805,000 "
,Nathan Stupar\StupNa01,OLB,NYG,"$805,000 "
,Cairo Santos\SantCa01,K,TEN,"$805,000 "
,Joe Cardona\CardJo00,LS,NWE,"$805,000 "
,Charley Hughlett\HughCh01,LS,CLE,"$805,000 "
,Jeremiah Attaochu\AttaJe00,OLB,DEN,"$805,000 "
,Antone Exum\ExumAn00,CB,SFO,"$805,000 "
,Jaylen Watkins\WatkJa01,CB,LAC,"$805,000 "
,Trey Flowers\FlowTr00,DE,DET,"$805,000 "
,Vince Williams\WillVi01,ILB,PIT,"$805,000 "
,Tank Carradine\CarrCo00,DE,MIA,"$805,000 "
,LaRoy Reynolds\ReynLa00,LB,CIN,"$805,000 "
,Benson Mayowa\MayoBe00,DE,OAK,"$805,000 "
,Cornelius Lucas\LucaCo01,T,CHI,"$805,000 "
,Nick Williams\WillNi01,DT,CHI,"$805,000 "
,Sean Mannion\MannSe00,QB,MIN,"$805,000 "
,Jordan Richards\RichJo00,SS,NWE,"$805,000 "
,Albert McClellan\McClAl00,DE,NYJ,"$805,000 "
,T.Y. McGill\McGiT.00,DT,LAC,"$805,000 "
,Logan Thomas\ThomLo00,QB/TE,DET,"$805,000 "
,Terrence Brooks\BrooTe00,FS,NWE,"$805,000 "
,John Jenkins\JenkJo00,DT,MIA,"$805,000 "
,Dontae Johnson\JohnDo02,FS,2TM,"$805,000 "
,Bashaud Breeland\BreeBa00,CB,KAN,"$805,000 "
,David Fales\FaleDa00,QB,NYJ,"$805,000 "
,Jahleel Addae\AddaJa00,S,HOU,"$805,000 "
,De'Anthony Thomas\ThomDe05,RB,KAN,"$805,000 "
,Blake Bell\BellBl00,TE,KAN,"$805,000 "
909,Ronald Jones\JoneRo01,RB,TAM,"$801,450 "
910,Michael Palardy\PalaMi00,P,CAR,"$800,000 "
,Sheldrick Redwine\RedwSh00,S,CLE,"$800,000 "
912,James Daniels\DaniJa01,C,CHI,"$795,916 "
913,Dan Feeney\FeenDa00,OG,LAC,"$793,000 "
914,Courtland Sutton\SuttCo00,WR,DEN,"$790,996 "
915,Harold Landry\LandHa00,OLB,TEN,"$786,077 "
916,Mike Gesicki\GesiMi00,TE,MIA,"$780,542 "
917,Marcus Davenport\DaveMa00,DE,NOR,"$779,632 "
918,Kerryon Johnson\JohnKe06,RB,DET,"$775,622 "
919,Taywan Taylor\TaylTa00,WR,CLE,"$773,500 "
920,Dante Pettis\PettDa00,WR,SFO,"$770,934 "
921,Josh Jackson\JackJo01,CB,GNB,"$764,368 "
922,Jordan Willis\WillJo09,DE,NYJ,"$754,750 "
923,Ben Braunecker\BrauBe00,TE,CHI,"$750,000 "
,Akeem King\KingAk00,DB,SEA,"$750,000 "
,Eric Tomlinson\TomlEr01,TE,2TM,"$750,000 "
926,Isaac Seumalo\SeumIs00,OG,PHI,"$749,000 "
927,Christian Kirk\KirkCh01,WR,ARI,"$747,948 "
928,C.J. Prosise\ProsC.00,RB,SEA,"$745,000 "
929,Uchenna Nwosu\NwosUc00,OLB,LAC,"$741,799 "
930,Nick Vannett\VannNi00,TE,2TM,"$736,000 "
,Chris Wormley\WormCh00,DT,BAL,"$736,000 "
932,Dallas Goedert\GoedDa00,TE,PHI,"$735,649 "
933,Connor Williams\WillCo00,OT,DAL,"$729,500 "
934,Duke Riley\RileDu00,OLB,2TM,"$726,500 "
935,Anthony Miller\MillAn02,WR,CHI,"$723,350 "
936,Ronald Blair\BlaiRo00,DE,SFO,"$720,000 "
,Romeo Okwara\OkwaRo01,DE,DET,"$720,000 "
,Jayrone Elliott\ElliJa02,LB,PIT,"$720,000 "
,Andrew Adams\AdamAn00,FS,TAM,"$720,000 "
,Anthony Zettel\ZettAn00,DE,CIN,"$720,000 "
,DeAndre Houston-Carson\HousDe00,FS,CHI,"$720,000 "
,Shilique Calhoun\CalhSh00,DE,NWE,"$720,000 "
,Riley Dixon\DixoRi00,P,NYG,"$720,000 "
,David Fluellen\FlueDa00,RB,TEN,"$720,000 "
,Kamu Grugier-Hill\GrugKa00,OLB,PHI,"$720,000 "
,Darius Jennings\JennDa00,WR,TEN,"$720,000 "
,Marqui Christian\ChriMa00,SS,LAR,"$720,000 "
,Josh Andrews\AndrJo01,G,IND,"$720,000 "
,Joey Bosa\BosaJo00,DE,LAC,"$720,000 "
,Javien Elliott\ElliJa01,CB,CAR,"$720,000 "
,Sheldon Day\DayxSh00,DT,SFO,"$720,000 "
,Bryan Witzmann\WitzBr00,T,CAR,"$720,000 "
,Carson Wentz\WentCa00,QB,PHI,"$720,000 "
,Wendell Smallwood\SmalWe00,RB,WAS,"$720,000 "
,Pharoh Cooper\CoopPh00,WR,2TM,"$720,000 "
,Danny Vitale\VitaDa00,FB,GNB,"$720,000 "
,Jihad Ward\WardJi02,DE,2TM,"$720,000 "
,Joe Dahl\DahlJo00,OG,DET,"$720,000 "
,Trevor Davis\DaviTr03,WR,2TM,"$720,000 "
,Paul Perkins\PerkPa00,RB,DET,"$720,000 "
,Ted Karras\KarrTe00,OG,NWE,"$720,000 "
,DeForest Buckner\BuckDe00,DT,SFO,"$720,000 "
,Dwayne Washington\WashDw00,RB,NOR,"$720,000 "
,Clayton Fejedelem\FejeCl00,FS,CIN,"$720,000 "
,Ameer Abdullah\AbduAm00,RB,MIN,"$720,000 "
,Lac Edwards\EdwaLa01,P,NYJ,"$720,000 "
,Miles Killebrew\KillMi00,SS,DET,"$720,000 "
,Damiere Byrd\ByrdDa00,WR,ARI,"$720,000 "
,Darren Waller\WallDa01,WR,OAK,"$720,000 "
,Mike Thomas\ThomMi04,WR,LAR,"$720,000 "
,Curtis Riley\RileCu00,CB,OAK,"$720,000 "
,Rick Lovato\LovaRi00,LS,PHI,"$720,000 "
,Brett Jones\JoneBr04,C,MIN,"$720,000 "
,Darian Thompson\ThomDa05,FS,DAL,"$720,000 "
,Luke Rhodes\RhodLu00,LB,IND,"$720,000 "
,Derek Watt\WattDe00,FB,LAC,"$720,000 "
,Seth Devalve\DevaSe00,TE,JAX,"$720,000 "
,Maurice Canady\CanaMa00,CB,BAL,"$720,000 "
,Justin March-Lillard\MarcJu00,LB,DAL,"$720,000 "
,DeAndre Washington\WashDe00,RB,OAK,"$720,000 "
,Tyler Matakevich\MataTy00,ILB,PIT,"$720,000 "
,Stephen Weatherly\WeatSt00,OLB,MIN,"$720,000 "
,C.J. Goodwin\GoodC.00,WR,DAL,"$720,000 "
,Jonathan Williams\WillJo07,RB,IND,"$720,000 "
,Kentrell Brothers\BrotKe00,ILB,MIN,"$720,000 "
,James Ferentz\FereJa00,C,NWE,"$720,000 "
,Kavon Frazier\FrazKa00,FS,DAL,"$720,000 "
,LeShaun Sims\SimsLe00,CB,TEN,"$720,000 "
,Andy Janovich\JanoAn00,FB,DEN,"$720,000 "
,Andrew Billings\BillAn00,DT,CIN,"$720,000 "
,Deon Bush\BushDe00,FS,CHI,"$720,000 "
,Cody Core\CoreCo00,WR,NYG,"$720,000 "
,Kameron Canaday\CanaKa00,LS,PIT,"$720,000 "
,Damien Wilson\WilsDa02,ILB,KAN,"$720,000 "
,Chris Moore\MoorCh00,WR,BAL,"$720,000 "
,B.J. Goodson\GoodB.00,OLB,GNB,"$720,000 "
,Senorise Perry\PerrSe00,RB,BUF,"$720,000 "
,Jakeem Grant\GranJa00,WR,MIA,"$720,000 "
,Sharrod Neasman\NeasSh00,S,ATL,"$720,000 "
,Jayron Kearse\KearJa00,SS,MIN,"$720,000 "
,MyCole Pruitt\PruiMy00,TE,TEN,"$720,000 "
,Ben Koyack\KoyaBe00,TE,JAX,"$720,000 "
,Hassan Ridgeway\RidgHa00,DT,PHI,"$720,000 "
,Patrick Scales\ScalPa00,LS,CHI,"$720,000 "
,Devontae Booker\BookDe00,RB,DEN,"$720,000 "
,Tyler Ervin\ErviTy00,RB,JAX,"$720,000 "
1007,Kemoko Turay\TuraKe00,OLB,IND,"$717,200 "
1008,Alex Anzalone\AnzaAl00,OLB,NOR,"$717,000 "
1009,Zach Gentry\GentZa00,TE,PIT,"$715,000 "
1010,M.J. Stewart\StewM.00,CB,TAM,"$711,051 "
1011,Dre Greenlaw\GreeDr00,LB,SFO,"$710,000 "
1012,Hunter Renfrow\RenfHu00,WR,OAK,"$707,500 "
1013,Jessie Bates\BateJe00,FS,CIN,"$704,901 "
1014,Daylon Mack\MackDa00,DL,BAL,"$704,500 "
1015,Cameron Smith\SmitCa01,LB,MIN,"$702,500 "
1016,Reid Ferguson\FergRe00,LS,BUF,"$700,000 "
,E.J. Speed\SpeeEJ00,LB,IND,"$700,000 "
,Matt LaCosse\LaCoMa00,TE,NWE,"$700,000 "
,Kerry Hyder\HydeKe01,DT,DAL,"$700,000 "
1020,Donte Jackson\JackDo02,CB,CAR,"$698,751 "
1021,Duke Dawson\DawsDu00,CB,DEN,"$695,676 "
1022,P.J. Hall\HallP.00,DT,OAK,"$693,830 "
1023,Isaiah Oliver\OlivIs00,CB,ATL,"$690,757 "
1024,Tim Williams\WillTi00,OLB,2TM,"$690,000 "
1025,Tarell Basham\BashTa00,DE,NYJ,"$687,500 "
1026,Derrius Guice\GuicDe00,RB,WAS,"$686,452 "
1027,James Washington\WashJa00,WR,PIT,"$684,607 "
1028,Fabian Moreau\MoreFa00,CB,WAS,"$684,000 "
1029,DJ Chark\CharDJ00,WR,JAX,"$682,147 "
1030,Brian O'Neill\ONeiBr00,OT,MIN,"$680,302 "
1031,Shaquill Griffin\GrifSh00,DB,SEA,"$680,000 "
1032,Kaden Smith\SmitKa00,TE,NYG,"$679,750 "
1033,Carlton Davis\DaviCa02,CB,TAM,"$679,687 "
1034,Tyquan Lewis\LewiTy00,DE,IND,"$678,457 "
1035,Delano Hill\HillDe02,FS,SEA,"$678,000 "
1036,Cameron Sutton\SuttCa00,CB,PIT,"$677,400 "
1037,Chris Godwin\GodwCh00,WR,TAM,"$677,000 "
,John Johnson\JohnJo10,S,LAR,"$677,000 "
1039,Kenny Golladay\GollKe00,WR,DET,"$676,000 "
1040,Jourdan Lewis\LewiJo01,CB,DAL,"$675,000 "
1041,Ka'dar Hollman\HollKa00,CB,GNB,"$672,500 "
,Justin Skule\SkulJu00,OT,SFO,"$672,500 "
1043,Montravius Adams\AdamMo00,DT,GNB,"$671,000 "
1044,Dexter Williams\WillDe07,RB,GNB,"$670,000 "
,Marcus Epps\EppsMa00,S,MIN,"$670,000 "
,Rasul Douglas\DougRa00,CB,PHI,"$670,000 "
1047,Jonnu Smith\SmitJo01,TE,TEN,"$669,000 "
1048,Trey Hendrickson\HendTr00,DE,NOR,"$668,000 "
,James Conner\ConnJa00,RB,PIT,"$668,000 "
1050,Brandon Parker\ParkBr01,OT,OAK,"$666,152 "
1051,Lorenzo Carter\CartLo01,DE,NYG,"$665,613 "
1052,Chad Thomas\ThomCh06,DE,CLE,"$665,000 "
1053,Justin Reid\ReidJu00,FS,HOU,"$664,979 "
1054,B.J. Hill\HillB.00,DT,NYG,"$664,345 "
1055,Fred Warner\WarnFr00,OLB,SFO,"$663,137 "
1056,Ulysees Gilbert\GilbUl00,LB,PIT,"$661,750 "
1057,Royce Freeman\FreeRo00,RB,DEN,"$661,000 "
1058,Mason Rudolph\RudoMa00,QB,PIT,"$658,267 "
1059,Jerome Baker\BakeJe00,OLB,MIA,"$654,000 "
1060,Ty Summers\SummTy00,LB,GNB,"$652,500 "
1061,Olabisi Johnson\JohnOl00,WR,MIN,"$647,500 "
1062,Geron Christian\ChriGe01,OT,WAS,"$647,000 "
1063,Damontae Kazee\KazeDa00,CB,ATL,"$645,000 "
,Bobo Wilson\WilsJe00,WR,TAM,"$645,000 "
,Keelan Cole\ColeKe00,WR,JAX,"$645,000 "
,Isaiah McKenzie\McKeIs00,WR,BUF,"$645,000 "
,Jeremy Sprinkle\SpriJe00,TE,WAS,"$645,000 "
,Tanzel Smart\SmarTa00,DT,LAR,"$645,000 "
,Montae Nicholson\NichMo00,SS,WAS,"$645,000 "
,Colin Holba\HolbCo00,LS,SFO,"$645,000 "
,Troymaine Pope\PopeTr00,RB,LAC,"$645,000 "
,Morgan Fox\FoxxMo00,DL,LAR,"$645,000 "
,Desmond King\KingDe01,FS,LAC,"$645,000 "
,Kendrick Bourne\BourKe00,WR,SFO,"$645,000 "
,Austin Carr\CarrAu00,WR,NOR,"$645,000 "
,Aaron Jones\JoneAa00,RB,GNB,"$645,000 "
,Branden Jackson\JackBr04,DE,SEA,"$645,000 "
,Elijah Wilkinson\WilkEl00,OT,DEN,"$645,000 "
,Grover Stewart\StewGr00,DT,IND,"$645,000 "
,Vince Biegel\BiegVi00,OLB,MIA,"$645,000 "
,Mack Hollins\HollMa00,WR,PHI,"$645,000 "
,Samson Ebukam\EbukSa00,OLB,LAR,"$645,000 "
,Juston Burris\BurrJu00,CB,CLE,"$645,000 "
,Brandon Wilson\WilsBr01,CB,CIN,"$645,000 "
,Lucas Patrick\PatrLu00,G,GNB,"$645,000 "
,Patrick Ricard\RicaPa00,DE,BAL,"$645,000 "
,Treyvon Hester\HestTr00,DT,WAS,"$645,000 "
,Marquel Lee\LeexMa01,ILB,OAK,"$645,000 "
,Taysom Hill\HillTa00,QB,NOR,"$645,000 "
,Mitchell Trubisky\TrubMi00,QB,CHI,"$645,000 "
,Bronson Kaufusi\KaufBr01,DE,NYJ,"$645,000 "
,Josh Tupou\TupoJo00,DT,CIN,"$645,000 "
,Chase Roullier\RoulCh00,C,WAS,"$645,000 "
,D.J. Foster\FostD.01,RB,ARI,"$645,000 "
,Matt Haack\HaacMa00,P,MIA,"$645,000 "
,Blake Jarwin\JarwBl00,TE,DAL,"$645,000 "
,Adam Butler\ButlAd00,DT,NWE,"$645,000 "
,Dean Marlowe\MarlDe00,S,BUF,"$645,000 "
,Jesse Davis\DaviJe00,T,MIA,"$645,000 "
,Jalen Reeves-Maybin\ReevJa00,OLB,DET,"$645,000 "
,Kenny Moore\MoorKe03,CB,IND,"$645,000 "
,Deatrich Wise\WiseDe00,DE,NWE,"$645,000 "
,Carl Lawson\LawsCa00,DE,CIN,"$645,000 "
,Jayon Brown\BrowJa06,ILB,TEN,"$645,000 "
,Matt Skura\SkurMa01,C,BAL,"$645,000 "
,Jon Halapio\HalaJo00,OG,NYG,"$645,000 "
,Mike Purcell\PurcMi00,DT,DEN,"$645,000 "
,Jermaine Eluemunor\ElueJe00,OG,NWE,"$645,000 "
,Davon Godchaux\GodcDa00,DT,MIA,"$645,000 "
,Nicholas Morrow\MorrNi00,LB,OAK,"$645,000 "
,Zach Banner\BannZa00,OG,PIT,"$645,000 "
,Thomas Hennessy\HennTh00,LS,NYJ,"$645,000 "
,Elijhaa Penny\PennEl00,RB,NYG,"$645,000 "
,Brian Hill\HillBr02,RB,ATL,"$645,000 "
,Rayshawn Jenkins\JenkRa00,FS,LAC,"$645,000 "
,Devante Bond\BondDe00,OLB,TAM,"$645,000 "
,Austin Ekeler\EkelAu00,RB,LAC,"$645,000 "
,Patrick Mahomes\MahoPa00,QB,KAN,"$645,000 "
,Joey Hunt\HuntJo00,C,SEA,"$645,000 "
,Tedric Thompson\ThomTe00,SS,SEA,"$645,000 "
,D.J. White\WhitD.00,CB,ATL,"$645,000 "
,Jojo Natson\NatsJo00,WR,LAR,"$645,000 "
,Torry McTyer\McTyTo00,CB,CIN,"$645,000 "
,Trey Edmunds\EdmuTr00,RB,PIT,"$645,000 "
,Harrison Butker\ButkHa00,K,KAN,"$645,000 "
,Rigoberto Sanchez\SancRi00,P,IND,"$645,000 "
,Stephen Anderson\AndeSt01,TE,LAC,"$645,000 "
,Justin Hardee\HardJu01,WR,NOR,"$645,000 "
,Anthony Walker\WalkAn01,LB,IND,"$645,000 "
,Eric Wilson\WilsEr00,ILB,MIN,"$645,000 "
,David Sharpe\SharDa02,OT,OAK,"$645,000 "
,David Moore\MoorDa03,WR,SEA,"$645,000 "
,Darrell Daniels\DaniDa02,TE,ARI,"$645,000 "
,Danny Isidora\IsidDa00,OG,MIA,"$645,000 "
,Dylan Cole\ColeDy00,LB,HOU,"$645,000 "
,Mike Hilton\HiltMi01,CB,PIT,"$645,000 "
,Cooper Rush\RushCo00,QB,DAL,"$645,000 "
,Nate Hairston\HairNa00,CB,NYJ,"$645,000 "
,Rashaad Coward\CowaRa00,DT,CHI,"$645,000 "
,Nathan Gerry\GerrNa00,SS,PHI,"$645,000 "
,Jerome Cunningham\CunnJe00,TE,WAS,"$645,000 "
,Antony Auclair\AuclAn00,TE,TAM,"$645,000 "
,Sam Tevi\TeviSa00,OT,LAC,"$645,000 "
,Caleb Brantley\BranCa00,DT,WAS,"$645,000 "
,Arthur Maulet\MaulAr00,CB,NYJ,"$645,000 "
,Jerell Adams\AdamJe01,TE,HOU,"$645,000 "
,Matt Wile\WileMa01,P,ATL,"$645,000 "
,J.D. McKissic\McKiJ.00,WR,DET,"$645,000 "
,Alex Armah\ArmaAl00,FB,CAR,"$645,000 "
,Jaleel Johnson\JohnJa09,DT,MIN,"$645,000 "
,Ricky Seals-Jones\SealRi00,WR,CLE,"$645,000 "
,Josh Harvey-Clemons\HarvJo01,SS,WAS,"$645,000 "
,Matt Breida\BreiMa00,RB,SFO,"$645,000 "
,Samaje Perine\PeriSa00,RB,CIN,"$645,000 "
,Joseph Jones\JoneJo05,OLB,DEN,"$645,000 "
,Corey Clement\ClemCo00,RB,PHI,"$645,000 "
,Eddie Jackson\JackEd01,SS,CHI,"$645,000 "
,Rudy Ford\FordRu00,S,PHI,"$645,000 "
,Tony McRae\McRaTo00,CB,CIN,"$645,000 "
,Johnny Holton\HoltJo00,WR,PIT,"$645,000 "
,Jordan Evans\EvanJo01,ILB,CIN,"$645,000 "
,Matt Feiler\FeilMa00,T,PIT,"$645,000 "
,Al-Quadin Muhammad\MuhaAl00,DE,IND,"$645,000 "
,Tarik Cohen\CoheTa00,RB,CHI,"$645,000 "
,Sean Culkin\CulkSe00,TE,LAC,"$645,000 "
,Michael Davis\DaviMi03,,LAC,"$645,000 "
,Kyle Peko\PekoKy00,DT,BUF,"$645,000 "
,Chuck Clark\ClarCh00,FS,BAL,"$645,000 "
,Jamal Adams\AdamJa00,SS,NYJ,"$645,000 "
,De'Vante Bausby\BausDe00,DB,DEN,"$645,000 "
,Jacob Hollister\HollJa03,TE,SEA,"$645,000 "
,Marvin Hall\HallMa02,WR,DET,"$645,000 "
,Matt Milano\MilaMa00,OLB,BUF,"$645,000 "
,Solomon Thomas\ThomSo00,DE,SFO,"$645,000 "
,Aldrick Rosas\RosaAl00,K,NYG,"$645,000 "
,Tanner Vallejo\VallTa00,ILB,WAS,"$645,000 "
,Alex Ellis\ElliAl01,TE,PHI,"$645,000 "
,Charles Washington\WashCh01,DB,ARI,"$645,000 "
,Jordan Dangerfield\DangJo00,FS,PIT,"$645,000 "
,Zach Wood\WoodZa00,DE,NOR,"$645,000 "
,Roy Robertson-Harris\RobeRo00,LB,CHI,"$645,000 "
,Jermaine Whitehead\WhitJe02,DB,CLE,"$645,000 "
,T.J. Logan\LogaT.00,RB,TAM,"$645,000 "
,Jamaal Williams\WillJa06,RB,GNB,"$645,000 "
,Greg Mabin\MabiGr00,CB,CIN,"$645,000 "
,Ryan Switzer\SwitRy00,WR,PIT,"$645,000 "
,Jake Elliott\ElliJa03,K,PHI,"$645,000 "
,Joe Walker\WalkJo01,ILB,ARI,"$645,000 "
,Ben Gedeon\GedeBe00,ILB,MIN,"$645,000 "
,Tyler Ott\OttxTy00,LS,SEA,"$645,000 "
,Carlos Watkins\WatkCa00,DT,HOU,"$645,000 "
,Ryan Glasgow\GlasRy00,DT,CIN,"$645,000 "
,D.J. Jones\JoneD.01,DT,SFO,"$645,000 "
,Daeshon Hall\HallDa01,DE,PHI,"$645,000 "
,Wayne Gallman\GallWa00,RB,NYG,"$645,000 "
,Marlon Mack\MackMa00,RB,IND,"$645,000 "
,Julie'n Davenport\DaveJu00,OT,MIA,"$645,000 "
,Josh Reynolds\ReynJo00,WR,LAR,"$645,000 "
,Dede Westbrook\WestDe00,WR,JAX,"$645,000 "
,Justin McCray\McCrJu00,G,CLE,"$645,000 "
,Isaac Rochell\RochIs00,DE,LAC,"$645,000 "
,Devin Smith\SmitDe04,WR,DAL,"$645,000 "
,C.J. Ham\HamxC.00,RB,MIN,"$645,000 "
,George Kittle\KittGe00,TE,SFO,"$645,000 "
,Corey Davis\DaviCo03,WR,TEN,"$645,000 "
,Deon Lacey\LaceDe00,LB,MIA,"$645,000 "
,Chris Carson\CarsCh00,RB,SEA,"$645,000 "
,Zane Gonzalez\GonzZa00,K,ARI,"$645,000 "
,Xavier Woods\WoodXa00,SS,DAL,"$645,000 "
,Isaiah Irving\IrviIs00,OLB,CHI,"$645,000 "
,Jamal Agnew\AgneJa00,CB,DET,"$645,000 "
1212,Sam Hubbard\HubbSa00,DE,CIN,"$640,000 "
1213,Rasheem Green\GreeRa01,DT,SEA,"$639,000 "
1214,Malik Jefferson\JeffMa00,OLB,CLE,"$635,000 "
1215,Martinas Rankin\RankMa00,OT,KAN,"$634,000 "
1216,Michael Gallup\GallMi00,WR,DAL,"$629,000 "
1217,Tracy Walker\WalkTr01,S,DET,"$628,000 "
1218,Orlando Brown\BrowOr00,OT,BAL,"$627,000 "
1219,Joseph Noteboom\NoteJo00,OT,LAR,"$626,626 "
1220,Mark Andrews\AndrMa00,TE,BAL,"$624,500 "
1221,Arden Key\KeyxAr00,DE,OAK,"$624,250 "
1222,Justin Jones\JoneJu03,DT,LAC,"$621,481 "
1223,Ronnie Harrison\HarrRo02,SS,JAX,"$617,500 "
1224,Tre'Quan Smith\SmitTr03,WR,NOR,"$616,500 "
1225,Alex Cappa\CappAl00,OT,TAM,"$615,000 "
1226,Oren Burks\BurkOr00,ILB,GNB,"$606,500 "
1227,Tarvarius Moore\MoorTa00,S,SFO,"$603,000 "
1228,Derrick Nnadi\NnadDe00,DT,KAN,"$601,500 "
1229,Jordan Akins\AkinJo00,TE,HOU,"$600,000 "
1230,Rashaan Gaulden\GaulRa00,CB,CAR,"$595,250 "
1231,Dorian O'Daniel\ODanDo00,OLB,KAN,"$584,000 "
1232,Nyheim Hines\HineNy00,RB,IND,"$570,000 "
,Mitchell Loewen\LoewMi00,DE,NOR,"$570,000 "
,Greg Stroman\StroGr00,CB,WAS,"$570,000 "
,Jason Sanders\SandJa00,K,MIA,"$570,000 "
,Keke Coutee\CoutKe00,WR,HOU,"$570,000 "
,Durham Smythe\SmytDu00,TE,MIA,"$570,000 "
,Trenton Cannon\CannTr00,RB,NYJ,"$570,000 "
,Dalton Schultz\SchuDa00,TE,DAL,"$570,000 "
,Jermaine Carter\CartJe00,LB,CAR,"$570,000 "
,Will Richardson\RichWi01,OT,JAX,"$570,000 "
,Trent Sieg\SiegTr00,LS,OAK,"$570,000 "
,Johnny Mundt\MundJo00,TE,LAR,"$570,000 "
,Quenton Nelson\NelsQu00,OG,IND,"$570,000 "
,Leon Jacobs\JacoLe00,OLB,JAX,"$570,000 "
,Taylor Stallworth\StalTa00,DT,NOR,"$570,000 "
,Ross Dwelley\DwelRo00,TE,SFO,"$570,000 "
,Grant Haley\HaleGr00,CB,NYG,"$570,000 "
,Ifeadi Odenigbo\OdenIf00,DE,MIN,"$570,000 "
,Ike Boettger\BoetIk00,G,BUF,"$570,000 "
,Troy Apke\ApkeTr00,S,WAS,"$570,000 "
,JK Scott\ScotJK00,P,GNB,"$570,000 "
,Sean Chandler\ChanSe00,FS,NYG,"$570,000 "
,Isaiah Ford\FordIs00,WR,MIA,"$570,000 "
,Josh Allen\AlleJo02,QB,BUF,"$570,000 "
,Natrell Jamerson\JameNa00,FS,CAR,"$570,000 "
,Keith Kirkwood\KirkKe00,WR,NOR,"$570,000 "
,Colby Wadman\WadmCo00,P,DEN,"$570,000 "
,Dorance Armstrong\ArmsDo00,DE,DAL,"$570,000 "
,Avery Moss\MossAv00,DE,MIA,"$570,000 "
,Fadol Brown\BrowFa00,DE,GNB,"$570,000 "
,Anthony Firkser\FirkAn00,TE,TEN,"$570,000 "
,J.C. Jackson\JackJ.00,DB,NWE,"$570,000 "
,Chad Beebe\BeebCh00,WR,MIN,"$570,000 "
,Jamil Douglas\DougJa00,OG,TEN,"$570,000 "
,Tyler Conklin\ConkTy00,TE,MIN,"$570,000 "
,Ito Smith\SmitIt00,RB,ATL,"$570,000 "
,Frankie Luvu\LuvuFr00,LB,NYJ,"$570,000 "
,Ogbonnia Okoronkwo\OkorOg00,DE,LAR,"$570,000 "
,Alexander Johnson\JohnAl01,LB,DEN,"$570,000 "
,Tyrell Crosby\CrosTy00,OT,DET,"$570,000 "
,Marcell Ateman\AtemMa00,WR,OAK,"$570,000 "
,Hunter Bradley\BradHu00,LS,GNB,"$570,000 "
,Jamal Carter\CartJa02,S,ATL,"$570,000 "
,Maurice Hurst\HursMa00,DT,OAK,"$570,000 "
,Jack Cichy\CichJa00,ILB,TAM,"$570,000 "
,Kevin Toliver\ToliKe00,DB,CHI,"$570,000 "
,R.J. McIntosh\McInR.00,DT,NYG,"$570,000 "
,Bilal Nichols\NichBi00,DT,CHI,"$570,000 "
,Zeke Turner\TurnZe00,S,ARI,"$570,000 "
,Levi Wallace\WallLe00,CB,BUF,"$570,000 "
,Jacob Martin\MartJa02,LB,HOU,"$570,000 "
,Korey Cunningham\CunnKo00,OT,NWE,"$570,000 "
,Robert Davis\DaviRo00,WR,WAS,"$570,000 "
,Brandon Facyson\FacyBr00,CB,LAC,"$570,000 "
,Tyler Lancaster\LancTy00,DL,GNB,"$570,000 "
,Sam Darnold\DarnSa00,QB,NYJ,"$570,000 "
,Jamil Demby\DembJa00,OT,LAR,"$570,000 "
,Matthew Adams\AdamMa00,LB,IND,"$570,000 "
,Justin Murray\MurrJu00,T,ARI,"$570,000 "
,Will Dissly\DissWi00,TE,SEA,"$570,000 "
,Ryan Lewis\LewiRy01,DB,3TM,"$570,000 "
,Mo Alie-Cox\AlieMo00,TE,IND,"$570,000 "
,Phillip Lindsay\LindPh00,RB,DEN,"$570,000 "
,DaeSean Hamilton\HamiDa01,WR,DEN,"$570,000 "
,James Crawford\CrawJa01,LB,MIA,"$570,000 "
,Davontae Harris\HarrDa05,CB,DEN,"$570,000 "
,Zach Pascal\PascZa00,WR,IND,"$570,000 "
,Olasunkanmi Adeniyi\AdenOl00,DE,PIT,"$570,000 "
,Deon Yelder\YeldDe00,TE,KAN,"$570,000 "
,Aaron Stinnie\StinAa00,G,TEN,"$570,000 "
,Josey Jewell\JeweJo00,ILB,DEN,"$570,000 "
,Dan Arnold\ArnoDa00,WR,NOR,"$570,000 "
,DeAndre Carter\CartDe02,WR,HOU,"$570,000 "
,Ian Thomas\ThomIa00,TE,CAR,"$570,000 "
,Kyzir White\WhitKy00,S,LAC,"$570,000 "
,J.T. Gray\GrayJ.00,DB,NOR,"$570,000 "
,Ja'Whaun Bentley\BentJa00,ILB,NWE,"$570,000 "
,KhaDarel Hodge\HodgKh00,WR,CLE,"$570,000 "
,Efe Obada\ObadEf00,LB,CAR,"$570,000 "
,Chris Board\BoarCh00,LB,BAL,"$570,000 "
,Daniel Carlson\CarlDa00,K,OAK,"$570,000 "
,Boston Scott\ScotBo02,RB,PHI,"$570,000 "
,Andrew Wylie\WyliAn00,T,KAN,"$570,000 "
,Shaun Dion Hamilton\DionSh00,LB,WAS,"$570,000 "
,Robert Tonyan\TonyRo00,TE,GNB,"$570,000 "
,Tre Flowers\FlowTr01,SS,SEA,"$570,000 "
,John Kelly\KellJo00,RB,LAR,"$570,000 "
,Trey Quinn\QuinTr00,WR,WAS,"$570,000 "
,Dee Virgin\VirgDe00,CB,DET,"$570,000 "
,Antonio Callaway\CallAn00,WR,CLE,"$570,000 "
,Dennis Gardeck\GardDe01,LB,ARI,"$570,000 "
,Brett Maher\MaheBr01,K,DAL,"$570,000 "
,Foyesade Oluokun\OluoFo00,S,ATL,"$570,000 "
,Reggie Gilbert\GilbRe01,LB,TEN,"$570,000 "
,Javon Wims\WimsJa00,WR,CHI,"$570,000 "
,Tre Herndon\HernTr00,CB,JAX,"$570,000 "
,Tavierre Thomas\ThomTa01,DB,CLE,"$570,000 "
,Sharif Finch\FincSh00,LB,TEN,"$570,000 "
,Tony Brown\BrowTo01,CB,GNB,"$570,000 "
,Josh Rosen\RoseJo01,QB,MIA,"$570,000 "
,Jaylen Samuels\SamuJa00,RB,PIT,"$570,000 "
,Vyncint Smith\SmitVy00,WR,NYJ,"$570,000 "
,Josh Sweat\SweaJo00,DE,PHI,"$570,000 "
,Breon Borders\BordBr00,CB,JAX,"$570,000 "
,DeShon Elliott\ElliDe02,SS,BAL,"$570,000 "
,Bradley Bozeman\BozeBr00,C,BAL,"$570,000 "
,Cethan Carter\CartCe00,TE,CIN,"$570,000 "
,Marquis Haynes\HaynMa01,OLB,CAR,"$570,000 "
,Chris Jones\JoneCh06,CB,ARI,"$570,000 "
,Devaroe Lawrence\LawrDe02,DL,CLE,"$570,000 "
,Trent Sherfield\SherTr00,WR,ARI,"$570,000 "
,Ray-Ray McCloud\McClRa00,WR,CAR,"$570,000 "
,Michael Dickson\DickMi00,P,SEA,"$570,000 "
,Jordan Whitehead\WhitJo03,SS,TAM,"$570,000 "
,Mike McGlinchey\McGlMi00,OT,SFO,"$570,000 "
,Justin Jackson\JackJu01,RB,LAC,"$570,000 "
,Malik Turner\TurnMa00,WR,SEA,"$570,000 "
,Matt Pryor\PryoMa00,OT,PHI,"$570,000 "
,Gus Edwards\EdwaGu00,RB,BAL,"$570,000 "
,Kaare Vedvik\VedvKa00,P,NYJ,"$570,000 "
,Russell Gage\GageRu00,WR,ATL,"$570,000 "
,Trey Marshall\MarsTr00,S,DEN,"$570,000 "
,Marcell Harris\HarrMa03,S,SFO,"$570,000 "
,Taron Johnson\JohnTa01,CB,BUF,"$570,000 "
,Wyatt Teller\TellWy00,OG,CLE,"$570,000 "
,Kalen Ballage\BallKa00,RB,MIA,"$570,000 "
,Mason Cole\ColeMa02,C,ARI,"$570,000 "
,Cassanova McKinzy\McKiCa01,LB,WAS,"$570,000 "
,Brandon Zylstra\ZylsBr00,WR,CAR,"$570,000 "
,Shaquem Griffin\GrifSh01,OLB,SEA,"$570,000 "
,Craig James\JameCr01,CB,PHI,"$570,000 "
,Logan Cooke\CookLo00,P,JAX,"$570,000 "
,George Odum\OdumGe00,S,IND,"$570,000 "
,Austin Calitro\CaliAu00,LB,JAX,"$570,000 "
,Avonte Maddox\MaddAv00,CB,PHI,"$570,000 "
,River Cracraft\CracRi00,WR,DEN,"$570,000 "
,Will Redmond\RedmWi00,CB,GNB,"$570,000 "
,Trenton Scott\ScotTr01,T,LAC,"$570,000 "
,Garrett Gilbert\GilbGa01,QB,CLE,"$570,000 "
,Genard Avery\AverGe00,LB,CLE,"$570,000 "
,Corey Thompson\ThomCo02,LB,BUF,"$570,000 "
,Luke Falk\FalkLu00,QB,NYJ,"$570,000 "
,Harvey Langi\LangHa00,ILB,NYJ,"$570,000 "
,Armani Watts\WattAr00,FS,KAN,"$570,000 "
,Antwaun Woods\WoodAn02,NT,DAL,"$570,000 "
,Taybor Pepper\PeppTa00,LS,MIA,"$570,000 "
,Jermaine Grace\GracJe00,LB,ATL,"$570,000 "
,Harrison Phillips\PhilHa00,DT,BUF,"$570,000 "
,Sebastian Joseph\JoseSe00,DT,LAR,"$570,000 "
,Poona Ford\FordPo00,DT,SEA,"$570,000 "
,Darrel Williams\WillDa10,RB,KAN,"$570,000 "
,Chase Edmonds\EdmoCh00,RB,ARI,"$570,000 "
,Mike Boone\BoonMi00,RB,MIN,"$570,000 "
,Buddy Howell\HoweGr00,RB,HOU,"$570,000 "
,Keion Crossen\CrosKe00,CB,HOU,"$570,000 "
,Demone Harris\HarrDe06,DE,TAM,"$570,000 "
,Tim Boyle\BoylTi00,QB,GNB,"$570,000 "
,Tra Carson\CarsTr01,HB,GNB,"$570,000 "
,Tim Patrick\PatrTi00,WR,DEN,"$570,000 "
,Dalyn Dawkins\DawkDa01,RB,TEN,"$570,000 "
,Matt Dickerson\DickMa00,DE,TEN,"$570,000 "
,Kenny Young\YounKe03,LB,BAL,"$570,000 "
,Devante Downs\DownDe00,LB,MIN,"$570,000 "
,Robert Foster\FostRo01,WR,BUF,"$570,000 "
,Cameron Johnston\JohnCa02,P,PHI,"$570,000 "
,Damion Ratley\RatlDa00,WR,CLE,"$570,000 "
,Jeff Wilson\WilsJe01,RB,SFO,"$570,000 "
,Dane Cruikshank\CruiDa00,CB,TEN,"$570,000 "
,Roderick Johnson\JohnRo06,OT,HOU,"$570,000 "
,Trevor Daniel\DaniTr00,P,HOU,"$570,000 "
,Will Clapp\ClapWi00,C,NOR,"$570,000 "
,Zach Sieler\SielZa00,DE,BAL,"$570,000 "
,Joel Iyiegbuniwe\IyieJo00,LB,CHI,"$570,000 "
,Kevin Peterson\PeteKe01,CB,ARI,"$570,000 "
,Raven Greene\GreeRa02,S,GNB,"$570,000 "
,Brian Allen\AlleBr02,C,LAR,"$570,000 "
,Andre Smith\SmitAn04,ILB,CAR,"$570,000 "
,Ben Niemann\NiemBe00,LB,KAN,"$570,000 "
,Zaire Franklin\FranZa00,LB,IND,"$570,000 "
,Doug Middleton\MiddDo01,S,MIA,"$570,000 "
,Chandon Sullivan\SullCh00,CB,GNB,"$570,000 "
,Corey Bojorquez\BojoCo00,P,BUF,"$570,000 "
,Scott Quessenberry\QuesSc00,C,LAC,"$570,000 "
,Auden Tate\TateAu00,WR,CIN,"$570,000 "
,Jake Kumerow\KumeJa00,WR,GNB,"$570,000 "
,Charvarius Ward\WardCh01,DB,KAN,"$570,000 "
,Anthony Averett\AverAn00,CB,BAL,"$570,000 "
,Tae Davis\DaviTa00,LB,NYG,"$570,000 "
,Justin Watson\WatsJu01,WR,TAM,"$570,000 "
,Baker Mayfield\MayfBa00,QB,CLE,"$570,000 "
,Dontrell Hilliard\HillDo00,RB,CLE,"$570,000 "
,Darius Phillips\PhilDa02,CB,CIN,"$570,000 "
,Pharaoh Brown\BrowPh01,TE,CLE,"$570,000 "
,Alex Light\LighAl00,T,GNB,"$570,000 "
,Jordan Wilkins\WilkJo01,RB,IND,"$570,000 "
,Mike Ford\FordMi01,CB,DET,"$570,000 "
,Darious Williams\WillDa09,CB,LAR,"$570,000 "
,Richie James\JameRi00,WR,SFO,"$570,000 "
,Keishawn Bierria\BierKe00,ILB,DEN,"$570,000 "
,Jalyn Holmes\HolmJa01,DE,MIN,"$570,000 "
,Marquez Valdes-Scantling\ValdMa00,WR,GNB,"$570,000 "
,Tremon Smith\SmitTr04,,2TM,"$570,000 "
,Jullian Taylor\TaylJu00,DT,SFO,"$570,000 "
,D.J. Reed\ReedD.00,CB,SFO,"$570,000 "
,Tim Settle\SettTi00,DT,WAS,"$570,000 "
,A.J. Moore\MoorA.00,DB,HOU,"$570,000 "
,Folorunso Fatukasi\FatuFo00,DT,NYJ,"$570,000 "
,Bradley Chubb\ChubBr00,DE,DEN,"$570,000 "
,Garrett Dickerson\DickGa00,TE,NYG,"$570,000 "
,Siran Neal\NealSi00,CB,BUF,"$570,000 "
,Isaac Yiadom\YiadIs00,CB,DEN,"$570,000 "
,Peter Kalambayi\KalaPe00,LB,HOU,"$570,000 "
1444,Trey Pipkins\PipkTr00,OT,LAC,"$495,000 "
,Greedy Williams\WillGr00,CB,CLE,"$495,000 "
,Zach Allen\AlleZa01,DL,ARI,"$495,000 "
,Patrick Mekari\MekaPa00,G,BAL,"$495,000 "
,Chuma Edoga\EdogCh00,OL,NYJ,"$495,000 "
,Quincy Williams\WillQu01,,JAX,"$495,000 "
,Tommy Sweeney\SweeTo00,TE,BUF,"$495,000 "
,Nick Bosa\BosaNi00,EDGE,SFO,"$495,000 "
,Taylor Rapp\RappTa00,S,LAR,"$495,000 "
,Roderic Teamer\TeamRo00,S,LAC,"$495,000 "
,Mitch Wishnowsky\WishMi00,P,SFO,"$495,000 "
,Chris Peace\PeacCh00,DE,2TM,"$495,000 "
,Jamel Dean\DeanJa00,CB,TAM,"$495,000 "
,Ken Webster\WebsKe00,CB,MIA,"$495,000 "
,Renell Wren\WrenRe00,DL,CIN,"$495,000 "
,Joey Ivie\IvieJo00,DT,KAN,"$495,000 "
,Andre Dillard\DillAn00,OL,PHI,"$495,000 "
,Terry McLaurin\McLaTe00,WR,WAS,"$495,000 "
,Shy Tuttle\TuttSh00,DL,NOR,"$495,000 "
,Khari Willis\WillKh00,S,IND,"$495,000 "
,Ugochukwu Amadi\AmadUg00,S,SEA,"$495,000 "
,David Quessenberry\QuesDa00,OT,TEN,"$495,000 "
,Mike Edwards\EdwaMi01,S,TAM,"$495,000 "
,Josh Oliver\OlivJo00,TE,JAX,"$495,000 "
,Diontae Johnson\JohnDi01,WR,PIT,"$495,000 "
,Kasey Redfern\RedfKa00,P,ATL,"$495,000 "
,Mark Walton\WaltMa00,RB,MIA,"$495,000 "
,Trent Harris\HarrTr01,DL,MIA,"$495,000 "
,Alec Ingold\IngoAl01,FB,OAK,"$495,000 "
,Dre'Mont Jones\JoneDr00,DL,DEN,"$495,000 "
,Dalton Risner\RisnDa00,OL,DEN,"$495,000 "
,Clelin Ferrell\FerrCl00,EDGE,OAK,"$495,000 "
,Dallin Leavitt\LeavDa00,S,OAK,"$495,000 "
,Trevon Wesco\WescTr00,TE,NYJ,"$495,000 "
,Kyler Murray\MurrKy00,QB,ARI,"$495,000 "
,Germaine Pratt\PratGe00,LB,CIN,"$495,000 "
,Drew Sample\SampDr00,TE,CIN,"$495,000 "
,Saquan Hampton\HampSa00,S,NOR,"$495,000 "
,Reggie Bonnafon\BonnRe00,RB,CAR,"$495,000 "
,Tytus Howard\HowaTy00,,HOU,"$495,000 "
,Daniel Ekuale\EkuaDa00,DL,CLE,"$495,000 "
,Damien Harris\HarrDa06,RB,NWE,"$495,000 "
,Charles Omenihu\OmenCh00,DL,HOU,"$495,000 "
,Jawaan Taylor\TaylJa02,OL,JAX,"$495,000 "
,Miles Boykin\BoykMi00,WR,BAL,"$495,000 "
,Cullen Gillaspia\GillCu00,RB,HOU,"$495,000 "
,Juwann Winfree\WinfJu00,WR,DEN,"$495,000 "
,Dennis Daley\DaleDe00,OL,CAR,"$495,000 "
,Juan Thornhill\ThorJu00,S,KAN,"$495,000 "
,Devin White\WhitDe02,LB,TAM,"$495,000 "
,Devin Singletary\SingDe00,RB,BUF,"$495,000 "
,Duke Williams\WillDu01,WR,BUF,"$495,000 "
,Marquise Blair\BlaiMa01,S,SEA,"$495,000 "
,Amani Hooker\HookAm00,S,TEN,"$495,000 "
,Isaiah Prince\PrinIs00,OL,MIA,"$495,000 "
,Troy Fumagalli\FumaTr00,TE,DEN,"$495,000 "
,Quinnen Williams\WillQu00,DL,NYJ,"$495,000 "
,Mecole Hardman\HardMe00,WR,KAN,"$495,000 "
,Jordan Miller\MillJo05,CB,ATL,"$495,000 "
,Dawson Knox\KnoxDa00,TE,BUF,"$495,000 "
,Matt Gay\GayxMa00,K,TAM,"$495,000 "
,Matthew Orzech\OrzeMa00,TE,JAX,"$495,000 "
,Lonnie Johnson\JohnLo01,CB,HOU,"$495,000 "
,Patrick Laird\LairPa00,RB,MIA,"$495,000 "
,Alexander Mattison\MattAl01,RB,MIN,"$495,000 "
,Jalen Thompson\ThomJa04,,ARI,"$495,000 "
,Johnathan Abram\AbraJo01,S,OAK,"$495,000 "
,Trayvon Mullen\MullTr00,CB,OAK,"$495,000 "
,Josh Jacobs\JacoJo01,RB,OAK,"$495,000 "
,Dontavius Russell\RussDo00,DL,JAX,"$495,000 "
,Joejuan Williams\WillJo13,CB,NWE,"$495,000 "
,Jakobi Meyers\MeyeJa01,WR,NWE,"$495,000 "
,Elgton Jenkins\JenkEl00,OL,GNB,"$495,000 "
,Deon Cain\CainDe00,WR,IND,"$495,000 "
,Khalen Saunders\SaunKh00,DT,KAN,"$495,000 "
,Isaiah Mack\MackIs00,DT,TEN,"$495,000 "
,Trayveon Williams\WillTr06,RB,CIN,"$495,000 "
,Chandler Cox\CoxxCh01,RB,MIA,"$495,000 "
,D'Ernest Johnson\JohnDE04,RB,CLE,"$495,000 "
,Jaleel Scott\ScotJa02,WR,BAL,"$495,000 "
,Ty Johnson\JohnTy02,RB,DET,"$495,000 "
,Coleman Shelton\ShelCo00,C,LAR,"$495,000 "
,A.J. Brown\BrowAJ00,WR,TEN,"$495,000 "
,Bennett Jackson\JackBe00,CB,BAL,"$495,000 "
,Evan Baylis\BaylEv00,TE,GNB,"$495,000 "
,Drue Tranquill\TranDr00,LB,LAC,"$495,000 "
,Miles Brown\BrowMi01,DT,ARI,"$495,000 "
,Christian Wilkins\WilkCh00,DL,MIA,"$495,000 "
,Ben Burr-Kirven\BurrBe00,LB,SEA,"$495,000 "
,Julian Love\LoveJu00,CB,NYG,"$495,000 "
,Abdullah Anderson\AndeAb00,DT,CHI,"$495,000 "
,Travin Howard\HowaTr00,OLB,LAR,"$495,000 "
,Jordan Scarlett\ScarJo00,RB,CAR,"$495,000 "
,Jaquan Johnson\JohnJa11,CB,BUF,"$495,000 "
,Austin Seibert\SeibAu00,K,CLE,"$495,000 "
,David Montgomery\MontDa01,RB,CHI,"$495,000 "
,Dwayne Haskins\HaskDw00,QB,WAS,"$495,000 "
,Darwin Thompson\ThomDa06,RB,KAN,"$495,000 "
,Noah Fant\FantNo00,TE,DEN,"$495,000 "
,Cole Mazza\MazzCo01,LS,LAC,"$495,000 "
,Alex Singleton\SingAl00,LB,PHI,"$495,000 "
,Jaeden Graham\GrahJa01,TE,ATL,"$495,000 "
,Kyle Phillips\PhilKy00,DL,NYJ,"$495,000 "
,Zach Triner\TrinZa00,LS,TAM,"$495,000 "
,Jake Rodgers\RodgJa03,T,DEN,"$495,000 "
,Nick Allegretti\AlleNi00,G,KAN,"$495,000 "
,Travis Homer\HomeTr00,RB,SEA,"$495,000 "
,Byron Pringle\PrinBy00,WR,KAN,"$495,000 "
,Preston Williams\WillPr01,WR,MIA,"$495,000 "
,Bobby Okereke\OkerBo00,LB,IND,"$495,000 "
,Montez Sweat\SweaMo00,EDGE,WAS,"$495,000 "
,Brandon Knight\KnigBr01,T,DAL,"$495,000 "
,Amani Oruwariye\OruwAm00,CB,DET,"$495,000 "
,Garrett Bradbury\BradGa00,OL,MIN,"$495,000 "
,Troy Reeder\ReedTr01,LB,LAR,"$495,000 "
,Deandre Baker\BakeDe00,CB,NYG,"$495,000 "
,Dexter Lawrence\LawrDe03,DL,NYG,"$495,000 "
,Cody Barton\BartCo00,LB,SEA,"$495,000 "
,Olamide Zaccheaus\ZaccOl01,WR,ATL,"$495,000 "
,Diontae Spencer\SpenDi00,WR,DEN,"$495,000 "
,Eddy Pineiro\PineEd00,K,CHI,"$495,000 "
,Tony Pollard\PollTo00,RB,DAL,"$495,000 "
,Kingsley Keke\KekeKi00,DL,GNB,"$495,000 "
,David Long\LongDa04,LB,TEN,"$495,000 "
,Ryan Connelly\ConnRy00,LB,NYG,"$495,000 "
,Azeez Al-Shaair\AlShAz00,LB,SFO,"$495,000 "
,D.K. Metcalf\MetcDK00,WR,SEA,"$495,000 "
,Greg Gaines\GainGr00,DL,LAR,"$495,000 "
,Kelvin Harmon\HarmKe00,WR,WAS,"$495,000 "
,Ed Oliver\OlivEd00,DL,BUF,"$495,000 "
,Darryl Johnson\JohnDa10,DE,BUF,"$495,000 "
,Jeremy Reaves\ReavJe00,FS,WAS,"$495,000 "
,Gardner Minshew\MinsGa00,QB,JAX,"$495,000 "
,Nate Davis\DaviNa01,OL,TEN,"$495,000 "
,Blake Cashman\CashBl00,LB,NYJ,"$495,000 "
,Jimmy Moreland\MoreJi00,CB,WAS,"$495,000 "
,Michael Deiter\DeitMi00,OL,MIA,"$495,000 "
,Daniel Jones\JoneDa05,QB,NYG,"$495,000 "
,Cortez Broughton\BrouCo00,DL,LAC,"$495,000 "
,Jaylon Ferguson\FergJa02,DE,BAL,"$495,000 "
,Allen Lazard\LazaAl00,WR,GNB,"$495,000 "
,Jeffery Simmons\SimmJe01,DL,TEN,"$495,000 "
,Nick Bawden\BawdNi00,RB,DET,"$495,000 "
,Michael Jordan\JordMi01,OL,CIN,"$495,000 "
,Marquise Brown\BrowMa04,WR,BAL,"$495,000 "
,Joey Slye\SlyeJo00,K,CAR,"$495,000 "
,Justin Hollins\HollJu00,EDGE,DEN,"$495,000 "
,Joshua Miles\MileJo00,OT,ARI,"$495,000 "
,Jahlani Tavai\TavaJa00,LB,DET,"$495,000 "
,Kris Boyd\BoydKr00,CB,MIN,"$495,000 "
,Bryan Mone\MoneBr00,DT,SEA,"$495,000 "
,Wes Martin\MartWe00,G,WAS,"$495,000 "
,Josh Woods\WoodJo02,LB,CHI,"$495,000 "
,Steven Sims\SimsSt00,WR,WAS,"$495,000 "
,Andrew Beck\BeckAn01,TE,DEN,"$495,000 "
,Cody Ford\FordCo00,OL,BUF,"$495,000 "
,Chris Lindstrom\LindCh00,OL,ATL,"$495,000 "
,Greg Little\LittGr01,OL,CAR,"$495,000 "
,Damion Willis\WillDa11,WR,CIN,"$495,000 "
,Kyle Allen\AlleKy00,QB,CAR,"$495,000 "
,Devin Bush\BushDe01,LB,PIT,"$495,000 "
,Austin Schlottmann\SchlAu00,G,DEN,"$495,000 "
,Nick Gates\GateNi00,OT,NYG,"$495,000 "
,Donovan Wilson\WilsDo01,S,DAL,"$495,000 "
,Deonte Harris\HarrDe07,WR,NOR,"$495,000 "
,KeeSean Johnson\JohnKe07,WR,ARI,"$495,000 "
,Shakial Taylor\TaylSh00,CB,IND,"$495,000 "
,Malik Reed\ReedMa01,LB,DEN,"$495,000 "
,Chris Lacy\LacyCh00,WR,DET,"$495,000 "
,Andre Patton\PattAn00,WR,LAC,"$495,000 "
,Jordan Chunn\ChunJo00,RB,DAL,"$495,000 "
,Jerry Tillery\TillJe00,DL,LAC,"$495,000 "
,Anthony Nelson\NelsAn01,DL,TAM,"$495,000 "
,Ross Pierschbacher\PierRo00,OL,WAS,"$495,000 "
,T.J. Hockenson\HockTJ00,TE,DET,"$495,000 "
,Sean Murphy-Bunting\BuntSe00,CB,TAM,"$495,000 "
,David Long\LongDa02,CB,LAR,"$495,000 "
,C.J. Board\BoarC.00,WR,JAX,"$495,000 "
,Byron Cowart\CowaBy00,DL,NWE,"$495,000 "
,Benny Snell\SnelBe00,,PIT,"$495,000 "
,Scott Miller\MillSc01,WR,TAM,"$495,000 "
,Sione Takitaki\TakiSi00,LB,CLE,"$495,000 "
,Kaden Elliss\ElliKa00,LB,NOR,"$495,000 "
,Mack Wilson\WilsMa03,LB,CLE,"$495,000 "
,Devine Ozigbo\OzigDe01,RB,JAX,"$495,000 "
,Kendall Sheffield\ShefKe00,CB,ATL,"$495,000 "
,Justin Layne\LaynJu00,CB,PIT,"$495,000 "
,Ryan Izzo\IzzoRy00,TE,NWE,"$495,000 "
,Darius Slayton\SlayDa01,WR,NYG,"$495,000 "
,Robert Jackson\JackRo00,CB,CLE,"$495,000 "
,L.J. Collier\CollLJ00,DL,SEA,"$495,000 "
,Dakota Allen\AlleDa01,LB,OAK,"$495,000 "
,Keisean Nixon\NixoKe00,CB,OAK,"$495,000 "
,John Ursua\UrsuJo00,WR,SEA,"$495,000 "
,Brian Burns\BurnBr00,EDGE,CAR,"$495,000 "
,Samuel Eguavoen\EguaSa00,LB,MIA,"$495,000 "
,Chauncey Gardner-Johnson\GardCh00,S,NOR,"$495,000 "
,JJ Arcega-Whiteside\ArceJJ00,WR,PHI,"$495,000 "
,Gunner Olszewski\OlszGu00,WR,NWE,"$495,000 "
,Jordan Kunaszyk\KunaJo00,LB,CAR,"$495,000 "
,Jomal Wiltz\WiltJo01,DB,MIA,"$495,000 "
,Austin Cutting\CuttAu00,LS,MIN,"$495,000 "
,Steven Parker\ParkSt00,DB,MIA,"$495,000 "
,Darrius Shepherd\ShepDa00,WR,GNB,"$495,000 "
,Emmanuel Moseley\MoseEm00,CB,SFO,"$495,000 "
,Hale Hentges\HentHa00,TE,WAS,"$495,000 "
,Andrew Brown\BrowAn05,DE,CIN,"$495,000 "
,Mark Fields\FielMa01,CB,MIN,"$495,000 "
,Nasir Adderley\AddeNa00,S,LAC,"$495,000 "
,Rock Ya-Sin\Ya-SRo00,CB,IND,"$495,000 "
,John Cominsky\ComiJo00,DE,ATL,"$495,000 "
,Jarrett Stidham\StidJa00,QB,NWE,"$495,000 "
,J.P. Holtz\HoltJ.01,TE,2TM,"$495,000 "
,Deebo Samuel\SamuDe00,WR,SFO,"$495,000 "
,Ryquell Armstead\ArmsRy00,RB,JAX,"$495,000 "
,Bobby Evans\EvanBo00,OL,LAR,"$495,000 "
,Hercules Mata'afa\MataHe00,DE,MIN,"$495,000 "
,Chase Winovich\WinoCh00,EDGE,NWE,"$495,000 "
,Jake Bailey\BailJa00,P,NWE,"$495,000 "
,Deionte Thompson\ThomDe06,S,ARI,"$495,000 "
,Andy Isabella\IsabAn00,WR,ARI,"$495,000 "
,Tuzar Skipper\SkipTu00,LB,NYG,"$495,000 "
,Joe Jackson\JackJo02,EDGE,DAL,"$495,000 "
,Kevin Strong\StroKe00,DT,DET,"$495,000 "
,David Edwards\EdwaDa01,OL,LAR,"$495,000 "
,Miles Sanders\SandMi01,RB,PHI,"$495,000 "
,Rolan Milligan\MillRo03,S,IND,"$495,000 "
,John Atkins\AtkiJo01,DT,DET,"$495,000 "
,Marvell Tell\TellMa00,S,IND,"$495,000 "
,Chris Lammons\LammCh00,DB,MIA,"$495,000 "
,Corey Ballentine\BallCo00,CB,NYG,"$495,000 "
,Darrell Henderson\HendDa00,RB,LAR,"$495,000 "
,Rashad Fenton\FentRa00,CB,KAN,"$495,000 "
,Byron Murphy\MurpBy00,CB,ARI,"$495,000 "
,Erik McCoy\McCoEr01,OL,NOR,"$495,000 "
,Brandon Dillon\DillBr00,TE,MIN,"$495,000 "
,Andre James\JameAn01,T,OAK,"$495,000 "
,Braxton Berrios\BerrBr00,WR,NYJ,"$495,000 "
,Cole Holcomb\HolcCo00,LB,WAS,"$495,000 "
,Emeke Egbule\EgbuEm00,LB,LAC,"$495,000 "
,Shaq Calhoun\CalhSh01,G,MIA,"$495,000 "
,Nick Scott\ScotNi01,S,LAR,"$495,000 "
,Luke Gifford\GiffLu00,LB,DAL,"$495,000 "
,Will Harris\HarrWi02,S,DET,"$495,000 "
,Duke Shelley\ShelDu00,CB,CHI,"$495,000 "
,Jamarco Jones\JoneJa08,OT,SEA,"$495,000 "
,Simeon Thomas\ThomSi00,CB,WAS,"$495,000 "
,Sam Ficken\FickSa00,K,NYJ,"$495,000 "
,Jonathan Ledbetter\LedbJo01,DE,MIA,"$495,000 "
,Cam Sims\SimsCa00,WR,WAS,"$495,000 "
,Oshane Ximines\XimiOs00,EDGE,NYG,"$495,000 "
,Michael Dogbe\DogbMi00,DL,ARI,"$495,000 "
,Josh Allen\AlleJo03,EDGE,JAX,"$495,000 "
,Dare Ogunbowale\OgunDa00,RB,TAM,"$495,000 "
,Christian Miller\MillCh04,EDGE,CAR,"$495,000 "
,Parris Campbell\CampPa00,WR,IND,"$495,000 "
,Max Scharping\SchaMa01,OT,HOU,"$495,000 "
,Cedrick Wilson\WilsCe01,WR,DAL,"$495,000 "
,Xavier Crawford\CrawXa00,CB,HOU,"$495,000 "
,Jamie Gillan\GillJa00,P,CLE,"$495,000 "
,Andrew Wingard\WingAn01,S,JAX,"$495,000 "
,Ryan Hunter\HuntRy00,T,KAN,"$495,000 "
,Natrez Patrick\PatrNa00,LB,LAR,"$495,000 "
,Fred Brown\BrowFr01,WR,DEN,"$495,000 "
,Dan Skipper\SkipDa00,OT,HOU,"$495,000 "
,Carl Granderson\GranCa01,DE,NOR,"$495,000 "
,Kaleb McGary\McGaKa00,OL,ATL,"$495,000 "
,Trysten Hill\HillTr00,DL,DAL,"$495,000 "
,Daniel Brunskill\BrunDa00,OT,SFO,"$495,000 "
,Alex Redmond\RedmAl01,G,CIN,"$493,236 "
